"Class","Archetype","Stage","Augment ID","Name","Runtime Status","Effect Primitive","Persistence Scope","Test Status","UI Status"
"adventurer","노련한 탐험가","1","aug-001","노련한 탐험가","EXECUTABLE","ADD_RESOURCE;SET_RESOURCE;MODIFY_DAMAGE","RUN ownership; effect scope per trigger","PASS","SUMMARY"
"adventurer","노련한 탐험가","2","aug-002","튼튼한 여행복","DATA_ONLY","UNSPECIFIED","RUN ownership; effect scope per trigger","NOT_TESTED","NAME_ONLY"
"adventurer","노련한 탐험가","2","aug-003","노련한 검술","DATA_ONLY","UNSPECIFIED","RUN ownership; effect scope per trigger","NOT_TESTED","NAME_ONLY"
"adventurer","노련한 탐험가","2","aug-004","경험자의 감각","DATA_ONLY","UNSPECIFIED","RUN ownership; effect scope per trigger","NOT_TESTED","NAME_ONLY"
"adventurer","노련한 탐험가","3","aug-005","산전수전","DATA_ONLY","UNSPECIFIED","RUN ownership; effect scope per trigger","NOT_TESTED","NAME_ONLY"
"adventurer","노련한 탐험가","3","aug-006","숙련된 일격","DATA_ONLY","UNSPECIFIED","RUN ownership; effect scope per trigger","NOT_TESTED","NAME_ONLY"
"adventurer","노련한 탐험가","3","aug-007","빠른 성장","DATA_ONLY","UNSPECIFIED","RUN ownership; effect scope per trigger","NOT_TESTED","NAME_ONLY"
"adventurer","노련한 탐험가","4","aug-008","백전노장","DATA_ONLY","UNSPECIFIED","RUN ownership; effect scope per trigger","NOT_TESTED","NAME_ONLY"
"adventurer","노련한 탐험가","4","aug-009","일당백","DATA_ONLY","UNSPECIFIED","RUN ownership; effect scope per trigger","NOT_TESTED","NAME_ONLY"
"adventurer","노련한 탐험가","4","aug-010","위대한 모험담","DATA_ONLY","UNSPECIFIED","RUN ownership; effect scope per trigger","NOT_TESTED","NAME_ONLY"
"adventurer","만능 장비꾼","1","aug-011","만능 장비꾼","DATA_ONLY","UNSPECIFIED","RUN ownership; effect scope per trigger","NOT_TESTED","NAME_ONLY"
"adventurer","만능 장비꾼","2","aug-012","튼튼한 야영 장비","DATA_ONLY","UNSPECIFIED","RUN ownership; effect scope per trigger","NOT_TESTED","NAME_ONLY"
"adventurer","만능 장비꾼","2","aug-013","탐험가의 공구함","DATA_ONLY","UNSPECIFIED","RUN ownership; effect scope per trigger","NOT_TESTED","NAME_ONLY"
"adventurer","만능 장비꾼","2","aug-014","잘 벼린 여행검","DATA_ONLY","UNSPECIFIED","RUN ownership; effect scope per trigger","NOT_TESTED","NAME_ONLY"
"adventurer","만능 장비꾼","3","aug-015","재빠른 장비 교체","DATA_ONLY","UNSPECIFIED","RUN ownership; effect scope per trigger","NOT_TESTED","NAME_ONLY"
"adventurer","만능 장비꾼","3","aug-016","준비 만전","DATA_ONLY","UNSPECIFIED","RUN ownership; effect scope per trigger","NOT_TESTED","NAME_ONLY"
"adventurer","만능 장비꾼","3","aug-017","현장 개조","DATA_ONLY","UNSPECIFIED","RUN ownership; effect scope per trigger","NOT_TESTED","NAME_ONLY"
"adventurer","만능 장비꾼","4","aug-018","만물상","DATA_ONLY","UNSPECIFIED","RUN ownership; effect scope per trigger","NOT_TESTED","NAME_ONLY"
"adventurer","만능 장비꾼","4","aug-019","전설의 장비 세트","DATA_ONLY","UNSPECIFIED","RUN ownership; effect scope per trigger","NOT_TESTED","NAME_ONLY"
"adventurer","만능 장비꾼","4","aug-020","적재적소","DATA_ONLY","UNSPECIFIED","RUN ownership; effect scope per trigger","NOT_TESTED","NAME_ONLY"
"adventurer","기적의 탐험가","1","aug-021","기적의 탐험가","DATA_ONLY","UNSPECIFIED","RUN ownership; effect scope per trigger","NOT_TESTED","NAME_ONLY"
"adventurer","기적의 탐험가","2","aug-022","공동 탐사 기록","DATA_ONLY","UNSPECIFIED","RUN ownership; effect scope per trigger","NOT_TESTED","NAME_ONLY"
"adventurer","기적의 탐험가","2","aug-023","행운의 동행","DATA_ONLY","UNSPECIFIED","RUN ownership; effect scope per trigger","NOT_TESTED","NAME_ONLY"
"adventurer","기적의 탐험가","2","aug-024","길잡이의 격려","DATA_ONLY","UNSPECIFIED","RUN ownership; effect scope per trigger","NOT_TESTED","NAME_ONLY"
"adventurer","기적의 탐험가","3","aug-025","대원정 기록지","DATA_ONLY","UNSPECIFIED","RUN ownership; effect scope per trigger","NOT_TESTED","NAME_ONLY"
"adventurer","기적의 탐험가","3","aug-026","숨겨진 샛길","DATA_ONLY","UNSPECIFIED","RUN ownership; effect scope per trigger","NOT_TESTED","NAME_ONLY"
"adventurer","기적의 탐험가","3","aug-027","행운의 발견","DATA_ONLY","UNSPECIFIED","RUN ownership; effect scope per trigger","NOT_TESTED","NAME_ONLY"
"adventurer","기적의 탐험가","4","aug-028","모두의 모험담","DATA_ONLY","UNSPECIFIED","RUN ownership; effect scope per trigger","NOT_TESTED","NAME_ONLY"
"adventurer","기적의 탐험가","4","aug-029","황금 나침반","DATA_ONLY","UNSPECIFIED","RUN ownership; effect scope per trigger","NOT_TESTED","NAME_ONLY"
"adventurer","기적의 탐험가","4","aug-030","전설의 발견","DATA_ONLY","UNSPECIFIED","RUN ownership; effect scope per trigger","NOT_TESTED","NAME_ONLY"
"warrior","불굴의 기사","1","aug-031","불굴의 기사","EXECUTABLE","SET_RESOURCE_MAX;SET_RESOURCE;MODIFY_INCOMING_DAMAGE","RUN ownership; effect scope per trigger","PASS","SUMMARY"
"warrior","불굴의 기사","2","aug-032","전열 유지","DATA_ONLY","UNSPECIFIED","RUN ownership; effect scope per trigger","NOT_TESTED","NAME_ONLY"
"warrior","불굴의 기사","2","aug-033","무쇠 갑주","DATA_ONLY","UNSPECIFIED","RUN ownership; effect scope per trigger","NOT_TESTED","NAME_ONLY"
"warrior","불굴의 기사","2","aug-034","숙련된 호흡","DATA_ONLY","UNSPECIFIED","RUN ownership; effect scope per trigger","NOT_TESTED","NAME_ONLY"
"warrior","불굴의 기사","3","aug-035","빈틈 없는 전진","DATA_ONLY","UNSPECIFIED","RUN ownership; effect scope per trigger","NOT_TESTED","NAME_ONLY"
"warrior","불굴의 기사","3","aug-036","전장의 노련함","DATA_ONLY","UNSPECIFIED","RUN ownership; effect scope per trigger","NOT_TESTED","NAME_ONLY"
"warrior","불굴의 기사","3","aug-037","마지막 보루","DATA_ONLY","UNSPECIFIED","RUN ownership; effect scope per trigger","NOT_TESTED","NAME_ONLY"
"warrior","불굴의 기사","4","aug-038","불퇴전","DATA_ONLY","UNSPECIFIED","RUN ownership; effect scope per trigger","NOT_TESTED","NAME_ONLY"
"warrior","불굴의 기사","4","aug-039","철벽의 기사","DATA_ONLY","UNSPECIFIED","RUN ownership; effect scope per trigger","NOT_TESTED","NAME_ONLY"
"warrior","불굴의 기사","4","aug-040","영원한 전열","DATA_ONLY","UNSPECIFIED","RUN ownership; effect scope per trigger","NOT_TESTED","NAME_ONLY"
"warrior","수호벽","1","aug-041","수호벽","EXECUTABLE","SPECIAL:GUARDIAN_WALL","RUN ownership; effect scope per trigger","PASS","SUMMARY"
"warrior","수호벽","2","aug-042","대신 맞아주마","DATA_ONLY","UNSPECIFIED","RUN ownership; effect scope per trigger","NOT_TESTED","NAME_ONLY"
"warrior","수호벽","2","aug-043","등 뒤에 있어","DATA_ONLY","UNSPECIFIED","RUN ownership; effect scope per trigger","NOT_TESTED","NAME_ONLY"
"warrior","수호벽","2","aug-044","헌신의 보답","DATA_ONLY","UNSPECIFIED","RUN ownership; effect scope per trigger","NOT_TESTED","NAME_ONLY"
"warrior","수호벽","3","aug-045","전열 교대","DATA_ONLY","UNSPECIFIED","RUN ownership; effect scope per trigger","NOT_TESTED","NAME_ONLY"
"warrior","수호벽","3","aug-046","넓은 방패","DATA_ONLY","UNSPECIFIED","RUN ownership; effect scope per trigger","NOT_TESTED","NAME_ONLY"
"warrior","수호벽","3","aug-047","목숨을 건 맹세","DATA_ONLY","UNSPECIFIED","RUN ownership; effect scope per trigger","NOT_TESTED","NAME_ONLY"
"warrior","수호벽","4","aug-048","철벽 진형","DATA_ONLY","UNSPECIFIED","RUN ownership; effect scope per trigger","NOT_TESTED","NAME_ONLY"
"warrior","수호벽","4","aug-049","불침의 수호자","DATA_ONLY","UNSPECIFIED","RUN ownership; effect scope per trigger","NOT_TESTED","NAME_ONLY"
"warrior","수호벽","4","aug-050","최후의 방패","DATA_ONLY","UNSPECIFIED","RUN ownership; effect scope per trigger","NOT_TESTED","NAME_ONLY"
"warrior","압살 기사","1","aug-051","압살 기사","EXECUTABLE","SPECIAL:CRUSH_KNIGHT","RUN ownership; effect scope per trigger","PASS","SUMMARY"
"warrior","압살 기사","2","aug-052","중갑 돌파","DATA_ONLY","UNSPECIFIED","RUN ownership; effect scope per trigger","NOT_TESTED","NAME_ONLY"
"warrior","압살 기사","2","aug-053","무게 싣기","DATA_ONLY","UNSPECIFIED","RUN ownership; effect scope per trigger","NOT_TESTED","NAME_ONLY"
"warrior","압살 기사","2","aug-054","전진 또 전진","DATA_ONLY","UNSPECIFIED","RUN ownership; effect scope per trigger","NOT_TESTED","NAME_ONLY"
"warrior","압살 기사","3","aug-055","다중 압살","DATA_ONLY","UNSPECIFIED","RUN ownership; effect scope per trigger","NOT_TESTED","NAME_ONLY"
"warrior","압살 기사","3","aug-056","기세등등","DATA_ONLY","UNSPECIFIED","RUN ownership; effect scope per trigger","NOT_TESTED","NAME_ONLY"
"warrior","압살 기사","3","aug-057","힘을 비축하라","DATA_ONLY","UNSPECIFIED","RUN ownership; effect scope per trigger","NOT_TESTED","NAME_ONLY"
"warrior","압살 기사","4","aug-058","일기당천","DATA_ONLY","UNSPECIFIED","RUN ownership; effect scope per trigger","NOT_TESTED","NAME_ONLY"
"warrior","압살 기사","4","aug-059","성문 파쇄","DATA_ONLY","UNSPECIFIED","RUN ownership; effect scope per trigger","NOT_TESTED","NAME_ONLY"
"warrior","압살 기사","4","aug-060","진격의 기사","DATA_ONLY","UNSPECIFIED","RUN ownership; effect scope per trigger","NOT_TESTED","NAME_ONLY"
"rogue","비열한 일격","1","aug-061","비열한 일격","EXECUTABLE","CAPTURE_RESOURCE;SET_RESOURCE;MODIFY_DAMAGE","RUN ownership; effect scope per trigger","PASS","SUMMARY"
"rogue","비열한 일격","2","aug-062","발목 베기","DATA_ONLY","UNSPECIFIED","RUN ownership; effect scope per trigger","NOT_TESTED","NAME_ONLY"
"rogue","비열한 일격","2","aug-063","틈새 포착","DATA_ONLY","UNSPECIFIED","RUN ownership; effect scope per trigger","NOT_TESTED","NAME_ONLY"
"rogue","비열한 일격","2","aug-064","재빠른 손놀림","DATA_ONLY","UNSPECIFIED","RUN ownership; effect scope per trigger","NOT_TESTED","NAME_ONLY"
"rogue","비열한 일격","3","aug-065","급소 노리기","DATA_ONLY","UNSPECIFIED","RUN ownership; effect scope per trigger","NOT_TESTED","NAME_ONLY"
"rogue","비열한 일격","3","aug-066","밑장 빼기","DATA_ONLY","UNSPECIFIED","RUN ownership; effect scope per trigger","NOT_TESTED","NAME_ONLY"
"rogue","비열한 일격","3","aug-067","빈틈 없는 퇴로","DATA_ONLY","UNSPECIFIED","RUN ownership; effect scope per trigger","NOT_TESTED","NAME_ONLY"
"rogue","비열한 일격","4","aug-068","목을 노려라","DATA_ONLY","UNSPECIFIED","RUN ownership; effect scope per trigger","NOT_TESTED","NAME_ONLY"
"rogue","비열한 일격","4","aug-069","어둠 속의 숙련자","DATA_ONLY","UNSPECIFIED","RUN ownership; effect scope per trigger","NOT_TESTED","NAME_ONLY"
"rogue","비열한 일격","4","aug-070","완전범죄","DATA_ONLY","UNSPECIFIED","RUN ownership; effect scope per trigger","NOT_TESTED","NAME_ONLY"
"rogue","독 묻은 칼날","1","aug-071","독 묻은 칼날","DATA_ONLY","UNSPECIFIED","RUN ownership; effect scope per trigger","NOT_TESTED","NAME_ONLY"
"rogue","독 묻은 칼날","2","aug-072","재독침","DATA_ONLY","UNSPECIFIED","RUN ownership; effect scope per trigger","NOT_TESTED","NAME_ONLY"
"rogue","독 묻은 칼날","2","aug-073","회수용 와이어","DATA_ONLY","UNSPECIFIED","RUN ownership; effect scope per trigger","NOT_TESTED","NAME_ONLY"
"rogue","독 묻은 칼날","2","aug-074","독성 표식","DATA_ONLY","UNSPECIFIED","RUN ownership; effect scope per trigger","NOT_TESTED","NAME_ONLY"
"rogue","독 묻은 칼날","3","aug-075","침투독","DATA_ONLY","UNSPECIFIED","RUN ownership; effect scope per trigger","NOT_TESTED","NAME_ONLY"
"rogue","독 묻은 칼날","3","aug-076","확산독","DATA_ONLY","UNSPECIFIED","RUN ownership; effect scope per trigger","NOT_TESTED","NAME_ONLY"
"rogue","독 묻은 칼날","3","aug-077","축적 중독","DATA_ONLY","UNSPECIFIED","RUN ownership; effect scope per trigger","NOT_TESTED","NAME_ONLY"
"rogue","독 묻은 칼날","4","aug-078","치명독","DATA_ONLY","UNSPECIFIED","RUN ownership; effect scope per trigger","NOT_TESTED","NAME_ONLY"
"rogue","독 묻은 칼날","4","aug-079","부식성 맹독","DATA_ONLY","UNSPECIFIED","RUN ownership; effect scope per trigger","NOT_TESTED","NAME_ONLY"
"rogue","독 묻은 칼날","4","aug-080","끝없는 독니","DATA_ONLY","UNSPECIFIED","RUN ownership; effect scope per trigger","NOT_TESTED","NAME_ONLY"
"rogue","그림자 도약","1","aug-081","그림자 도약","DATA_ONLY","UNSPECIFIED","RUN ownership; effect scope per trigger","NOT_TESTED","NAME_ONLY"
"rogue","그림자 도약","2","aug-082","높은 곳으로","DATA_ONLY","UNSPECIFIED","RUN ownership; effect scope per trigger","NOT_TESTED","NAME_ONLY"
"rogue","그림자 도약","2","aug-083","그림자 낙하","DATA_ONLY","UNSPECIFIED","RUN ownership; effect scope per trigger","NOT_TESTED","NAME_ONLY"
"rogue","그림자 도약","2","aug-084","벽 차기","DATA_ONLY","UNSPECIFIED","RUN ownership; effect scope per trigger","NOT_TESTED","NAME_ONLY"
"rogue","그림자 도약","3","aug-085","그림자 연무","DATA_ONLY","UNSPECIFIED","RUN ownership; effect scope per trigger","NOT_TESTED","NAME_ONLY"
"rogue","그림자 도약","3","aug-086","착지 없는 발걸음","DATA_ONLY","UNSPECIFIED","RUN ownership; effect scope per trigger","NOT_TESTED","NAME_ONLY"
"rogue","그림자 도약","3","aug-087","사각 이동","DATA_ONLY","UNSPECIFIED","RUN ownership; effect scope per trigger","NOT_TESTED","NAME_ONLY"
"rogue","그림자 도약","4","aug-088","그림자 무희","DATA_ONLY","UNSPECIFIED","RUN ownership; effect scope per trigger","NOT_TESTED","NAME_ONLY"
"rogue","그림자 도약","4","aug-089","공중 암살","DATA_ONLY","UNSPECIFIED","RUN ownership; effect scope per trigger","NOT_TESTED","NAME_ONLY"
"rogue","그림자 도약","4","aug-090","흔적 없는 자","DATA_ONLY","UNSPECIFIED","RUN ownership; effect scope per trigger","NOT_TESTED","NAME_ONLY"
"mage","대마도 증폭","1","aug-091","대마도 증폭","EXECUTABLE","SET_RESOURCE_MAX","RUN ownership; effect scope per trigger","PASS","SUMMARY"
"mage","대마도 증폭","2","aug-092","마력 우물","DATA_ONLY","UNSPECIFIED","RUN ownership; effect scope per trigger","NOT_TESTED","NAME_ONLY"
"mage","대마도 증폭","2","aug-093","순환 회로","DATA_ONLY","UNSPECIFIED","RUN ownership; effect scope per trigger","NOT_TESTED","NAME_ONLY"
"mage","대마도 증폭","2","aug-094","과잉 증폭","DATA_ONLY","UNSPECIFIED","RUN ownership; effect scope per trigger","NOT_TESTED","NAME_ONLY"
"mage","대마도 증폭","3","aug-095","마력 범람","DATA_ONLY","UNSPECIFIED","RUN ownership; effect scope per trigger","NOT_TESTED","NAME_ONLY"
"mage","대마도 증폭","3","aug-096","잔류 마력","DATA_ONLY","UNSPECIFIED","RUN ownership; effect scope per trigger","NOT_TESTED","NAME_ONLY"
"mage","대마도 증폭","3","aug-097","금단의 공식","DATA_ONLY","UNSPECIFIED","RUN ownership; effect scope per trigger","NOT_TESTED","NAME_ONLY"
"mage","대마도 증폭","4","aug-098","무한 마력기관","DATA_ONLY","UNSPECIFIED","RUN ownership; effect scope per trigger","NOT_TESTED","NAME_ONLY"
"mage","대마도 증폭","4","aug-099","칠중성의 마도식","DATA_ONLY","UNSPECIFIED","RUN ownership; effect scope per trigger","NOT_TESTED","NAME_ONLY"
"mage","대마도 증폭","4","aug-100","대마도 포화","DATA_ONLY","UNSPECIFIED","RUN ownership; effect scope per trigger","NOT_TESTED","NAME_ONLY"
"mage","백마도사","1","aug-101","백마도사","EXECUTABLE","SPECIAL:WHITE_MAGE","RUN ownership; effect scope per trigger","PASS","SUMMARY"
"mage","백마도사","2","aug-102","생명 공명","DATA_ONLY","UNSPECIFIED","RUN ownership; effect scope per trigger","NOT_TESTED","NAME_ONLY"
"mage","백마도사","2","aug-103","마력 순환술","DATA_ONLY","UNSPECIFIED","RUN ownership; effect scope per trigger","NOT_TESTED","NAME_ONLY"
"mage","백마도사","2","aug-104","전투 축복","DATA_ONLY","UNSPECIFIED","RUN ownership; effect scope per trigger","NOT_TESTED","NAME_ONLY"
"mage","백마도사","3","aug-105","연쇄 치유","DATA_ONLY","UNSPECIFIED","RUN ownership; effect scope per trigger","NOT_TESTED","NAME_ONLY"
"mage","백마도사","3","aug-106","백색 장막","DATA_ONLY","UNSPECIFIED","RUN ownership; effect scope per trigger","NOT_TESTED","NAME_ONLY"
"mage","백마도사","3","aug-107","정화 공식","DATA_ONLY","UNSPECIFIED","RUN ownership; effect scope per trigger","NOT_TESTED","NAME_ONLY"
"mage","백마도사","4","aug-108","대백마법","DATA_ONLY","UNSPECIFIED","RUN ownership; effect scope per trigger","NOT_TESTED","NAME_ONLY"
"mage","백마도사","4","aug-109","수호천사","DATA_ONLY","UNSPECIFIED","RUN ownership; effect scope per trigger","NOT_TESTED","NAME_ONLY"
"mage","백마도사","4","aug-110","성전의 축복","DATA_ONLY","UNSPECIFIED","RUN ownership; effect scope per trigger","NOT_TESTED","NAME_ONLY"
"mage","역산술","1","aug-111","역산술","EXECUTABLE","SPECIAL:REVERSE_MATH","RUN ownership; effect scope per trigger","PASS","SUMMARY"
"mage","역산술","2","aug-112","잔차 회수","DATA_ONLY","UNSPECIFIED","RUN ownership; effect scope per trigger","NOT_TESTED","NAME_ONLY"
"mage","역산술","2","aug-113","경계값 계산","DATA_ONLY","UNSPECIFIED","RUN ownership; effect scope per trigger","NOT_TESTED","NAME_ONLY"
"mage","역산술","2","aug-114","교대 공식","DATA_ONLY","UNSPECIFIED","RUN ownership; effect scope per trigger","NOT_TESTED","NAME_ONLY"
"mage","역산술","3","aug-115","자동 보정","DATA_ONLY","UNSPECIFIED","RUN ownership; effect scope per trigger","NOT_TESTED","NAME_ONLY"
"mage","역산술","3","aug-116","보존 법칙","DATA_ONLY","UNSPECIFIED","RUN ownership; effect scope per trigger","NOT_TESTED","NAME_ONLY"
"mage","역산술","3","aug-117","대칭식","DATA_ONLY","UNSPECIFIED","RUN ownership; effect scope per trigger","NOT_TESTED","NAME_ONLY"
"mage","역산술","4","aug-118","완전한 해","DATA_ONLY","UNSPECIFIED","RUN ownership; effect scope per trigger","NOT_TESTED","NAME_ONLY"
"mage","역산술","4","aug-119","수식의 반전","DATA_ONLY","UNSPECIFIED","RUN ownership; effect scope per trigger","NOT_TESTED","NAME_ONLY"
"mage","역산술","4","aug-120","무한 대칭식","DATA_ONLY","UNSPECIFIED","RUN ownership; effect scope per trigger","NOT_TESTED","NAME_ONLY"
"berserker","피의 광전","1","aug-121","피의 광전","EXECUTABLE","SPECIAL:BLOOD_FRENZY","RUN ownership; effect scope per trigger","PASS","SUMMARY"
"berserker","피의 광전","2","aug-122","끓어오르는 피","DATA_ONLY","UNSPECIFIED","RUN ownership; effect scope per trigger","NOT_TESTED","NAME_ONLY"
"berserker","피의 광전","2","aug-123","핏빛 가속","DATA_ONLY","UNSPECIFIED","RUN ownership; effect scope per trigger","NOT_TESTED","NAME_ONLY"
"berserker","피의 광전","2","aug-124","전투의 식사","DATA_ONLY","UNSPECIFIED","RUN ownership; effect scope per trigger","NOT_TESTED","NAME_ONLY"
"berserker","피의 광전","3","aug-125","상처 벌리기","DATA_ONLY","UNSPECIFIED","RUN ownership; effect scope per trigger","NOT_TESTED","NAME_ONLY"
"berserker","피의 광전","3","aug-126","붉은 추격","DATA_ONLY","UNSPECIFIED","RUN ownership; effect scope per trigger","NOT_TESTED","NAME_ONLY"
"berserker","피의 광전","3","aug-127","피의 환류","DATA_ONLY","UNSPECIFIED","RUN ownership; effect scope per trigger","NOT_TESTED","NAME_ONLY"
"berserker","피의 광전","4","aug-128","피의 폭풍","DATA_ONLY","UNSPECIFIED","RUN ownership; effect scope per trigger","NOT_TESTED","NAME_ONLY"
"berserker","피의 광전","4","aug-129","붉은 기관","DATA_ONLY","UNSPECIFIED","RUN ownership; effect scope per trigger","NOT_TESTED","NAME_ONLY"
"berserker","피의 광전","4","aug-130","끝없는 광전","DATA_ONLY","UNSPECIFIED","RUN ownership; effect scope per trigger","NOT_TESTED","NAME_ONLY"
"berserker","불사 투사","1","aug-131","불사 투사","EXECUTABLE","SPECIAL:IMMORTAL_FIGHTER","RUN ownership; effect scope per trigger","PASS","SUMMARY"
"berserker","불사 투사","2","aug-132","질긴 목숨","DATA_ONLY","UNSPECIFIED","RUN ownership; effect scope per trigger","NOT_TESTED","NAME_ONLY"
"berserker","불사 투사","2","aug-133","되갚아주마","DATA_ONLY","UNSPECIFIED","RUN ownership; effect scope per trigger","NOT_TESTED","NAME_ONLY"
"berserker","불사 투사","2","aug-134","살아남는 법","DATA_ONLY","UNSPECIFIED","RUN ownership; effect scope per trigger","NOT_TESTED","NAME_ONLY"
"berserker","불사 투사","3","aug-135","넘치는 생명력","DATA_ONLY","UNSPECIFIED","RUN ownership; effect scope per trigger","NOT_TESTED","NAME_ONLY"
"berserker","불사 투사","3","aug-136","상처의 기억","DATA_ONLY","UNSPECIFIED","RUN ownership; effect scope per trigger","NOT_TESTED","NAME_ONLY"
"berserker","불사 투사","3","aug-137","피로 갚는다","DATA_ONLY","UNSPECIFIED","RUN ownership; effect scope per trigger","NOT_TESTED","NAME_ONLY"
"berserker","불사 투사","4","aug-138","불사신","DATA_ONLY","UNSPECIFIED","RUN ownership; effect scope per trigger","NOT_TESTED","NAME_ONLY"
"berserker","불사 투사","4","aug-139","난전의 왕","DATA_ONLY","UNSPECIFIED","RUN ownership; effect scope per trigger","NOT_TESTED","NAME_ONLY"
"berserker","불사 투사","4","aug-140","광기의 반격","DATA_ONLY","UNSPECIFIED","RUN ownership; effect scope per trigger","NOT_TESTED","NAME_ONLY"
"berserker","최후의 격노","1","aug-141","최후의 격노","DATA_ONLY","UNSPECIFIED","RUN ownership; effect scope per trigger","NOT_TESTED","NAME_ONLY"
"berserker","최후의 격노","2","aug-142","죽음의 문턱","DATA_ONLY","UNSPECIFIED","RUN ownership; effect scope per trigger","NOT_TESTED","NAME_ONLY"
"berserker","최후의 격노","2","aug-143","살육 본능","DATA_ONLY","UNSPECIFIED","RUN ownership; effect scope per trigger","NOT_TESTED","NAME_ONLY"
"berserker","최후의 격노","2","aug-144","이를 악물고","DATA_ONLY","UNSPECIFIED","RUN ownership; effect scope per trigger","NOT_TESTED","NAME_ONLY"
"berserker","최후의 격노","3","aug-145","폭주","DATA_ONLY","UNSPECIFIED","RUN ownership; effect scope per trigger","NOT_TESTED","NAME_ONLY"
"berserker","최후의 격노","3","aug-146","피 묻은 미소","DATA_ONLY","UNSPECIFIED","RUN ownership; effect scope per trigger","NOT_TESTED","NAME_ONLY"
"berserker","최후의 격노","3","aug-147","죽음과 춤을","DATA_ONLY","UNSPECIFIED","RUN ownership; effect scope per trigger","NOT_TESTED","NAME_ONLY"
"berserker","최후의 격노","4","aug-148","살아있는 재앙","DATA_ONLY","UNSPECIFIED","RUN ownership; effect scope per trigger","NOT_TESTED","NAME_ONLY"
"berserker","최후의 격노","4","aug-149","마지막 불꽃","DATA_ONLY","UNSPECIFIED","RUN ownership; effect scope per trigger","NOT_TESTED","NAME_ONLY"
"berserker","최후의 격노","4","aug-150","피의 왕좌","DATA_ONLY","UNSPECIFIED","RUN ownership; effect scope per trigger","NOT_TESTED","NAME_ONLY"
"prophet","완전한 계시","1","aug-151","완전한 계시","MISSING","UNKNOWN","UNSPECIFIED","NOT_TESTED","MISSING"
"prophet","완전한 계시","2","aug-152","UNKNOWN_CANONICAL_NAME","MISSING","UNKNOWN","UNSPECIFIED","NOT_TESTED","MISSING"
"prophet","완전한 계시","2","aug-153","UNKNOWN_CANONICAL_NAME","MISSING","UNKNOWN","UNSPECIFIED","NOT_TESTED","MISSING"
"prophet","완전한 계시","2","aug-154","UNKNOWN_CANONICAL_NAME","MISSING","UNKNOWN","UNSPECIFIED","NOT_TESTED","MISSING"
"prophet","완전한 계시","3","aug-155","UNKNOWN_CANONICAL_NAME","MISSING","UNKNOWN","UNSPECIFIED","NOT_TESTED","MISSING"
"prophet","완전한 계시","3","aug-156","UNKNOWN_CANONICAL_NAME","MISSING","UNKNOWN","UNSPECIFIED","NOT_TESTED","MISSING"
"prophet","완전한 계시","3","aug-157","UNKNOWN_CANONICAL_NAME","MISSING","UNKNOWN","UNSPECIFIED","NOT_TESTED","MISSING"
"prophet","완전한 계시","4","aug-158","UNKNOWN_CANONICAL_NAME","MISSING","UNKNOWN","UNSPECIFIED","NOT_TESTED","MISSING"
"prophet","완전한 계시","4","aug-159","UNKNOWN_CANONICAL_NAME","MISSING","UNKNOWN","UNSPECIFIED","NOT_TESTED","MISSING"
"prophet","완전한 계시","4","aug-160","UNKNOWN_CANONICAL_NAME","MISSING","UNKNOWN","UNSPECIFIED","NOT_TESTED","MISSING"
"prophet","운명 조작자","1","aug-161","운명 조작자","EXECUTABLE","SPECIAL:FATE_MANIPULATOR;RECOVER_CARD","RUN ownership; effect scope per trigger","PASS","SUMMARY"
"prophet","운명 조작자","2","aug-162","UNKNOWN_CANONICAL_NAME","MISSING","UNKNOWN","UNSPECIFIED","NOT_TESTED","MISSING"
"prophet","운명 조작자","2","aug-163","UNKNOWN_CANONICAL_NAME","MISSING","UNKNOWN","UNSPECIFIED","NOT_TESTED","MISSING"
"prophet","운명 조작자","2","aug-164","UNKNOWN_CANONICAL_NAME","MISSING","UNKNOWN","UNSPECIFIED","NOT_TESTED","MISSING"
"prophet","운명 조작자","3","aug-165","UNKNOWN_CANONICAL_NAME","MISSING","UNKNOWN","UNSPECIFIED","NOT_TESTED","MISSING"
"prophet","운명 조작자","3","aug-166","UNKNOWN_CANONICAL_NAME","MISSING","UNKNOWN","UNSPECIFIED","NOT_TESTED","MISSING"
"prophet","운명 조작자","3","aug-167","UNKNOWN_CANONICAL_NAME","MISSING","UNKNOWN","UNSPECIFIED","NOT_TESTED","MISSING"
"prophet","운명 조작자","4","aug-168","UNKNOWN_CANONICAL_NAME","MISSING","UNKNOWN","UNSPECIFIED","NOT_TESTED","MISSING"
"prophet","운명 조작자","4","aug-169","UNKNOWN_CANONICAL_NAME","MISSING","UNKNOWN","UNSPECIFIED","NOT_TESTED","MISSING"
"prophet","운명 조작자","4","aug-170","UNKNOWN_CANONICAL_NAME","MISSING","UNKNOWN","UNSPECIFIED","NOT_TESTED","MISSING"
"prophet","불길한 예언","1","aug-171","불길한 예언","MISSING","UNKNOWN","UNSPECIFIED","NOT_TESTED","MISSING"
"prophet","불길한 예언","2","aug-172","UNKNOWN_CANONICAL_NAME","MISSING","UNKNOWN","UNSPECIFIED","NOT_TESTED","MISSING"
"prophet","불길한 예언","2","aug-173","UNKNOWN_CANONICAL_NAME","MISSING","UNKNOWN","UNSPECIFIED","NOT_TESTED","MISSING"
"prophet","불길한 예언","2","aug-174","UNKNOWN_CANONICAL_NAME","MISSING","UNKNOWN","UNSPECIFIED","NOT_TESTED","MISSING"
"prophet","불길한 예언","3","aug-175","UNKNOWN_CANONICAL_NAME","MISSING","UNKNOWN","UNSPECIFIED","NOT_TESTED","MISSING"
"prophet","불길한 예언","3","aug-176","UNKNOWN_CANONICAL_NAME","MISSING","UNKNOWN","UNSPECIFIED","NOT_TESTED","MISSING"
"prophet","불길한 예언","3","aug-177","UNKNOWN_CANONICAL_NAME","MISSING","UNKNOWN","UNSPECIFIED","NOT_TESTED","MISSING"
"prophet","불길한 예언","4","aug-178","UNKNOWN_CANONICAL_NAME","MISSING","UNKNOWN","UNSPECIFIED","NOT_TESTED","MISSING"
"prophet","불길한 예언","4","aug-179","UNKNOWN_CANONICAL_NAME","MISSING","UNKNOWN","UNSPECIFIED","NOT_TESTED","MISSING"
"prophet","불길한 예언","4","aug-180","UNKNOWN_CANONICAL_NAME","MISSING","UNKNOWN","UNSPECIFIED","NOT_TESTED","MISSING"
"imp","대담한 슬쩍","1","aug-181","대담한 슬쩍","EXECUTABLE","SPECIAL:BOLD_STEAL;MODIFY_DAMAGE","RUN ownership; effect scope per trigger","PASS","SUMMARY"
"imp","대담한 슬쩍","2","aug-182","UNKNOWN_CANONICAL_NAME","MISSING","UNKNOWN","UNSPECIFIED","NOT_TESTED","MISSING"
"imp","대담한 슬쩍","2","aug-183","UNKNOWN_CANONICAL_NAME","MISSING","UNKNOWN","UNSPECIFIED","NOT_TESTED","MISSING"
"imp","대담한 슬쩍","2","aug-184","UNKNOWN_CANONICAL_NAME","MISSING","UNKNOWN","UNSPECIFIED","NOT_TESTED","MISSING"
"imp","대담한 슬쩍","3","aug-185","UNKNOWN_CANONICAL_NAME","MISSING","UNKNOWN","UNSPECIFIED","NOT_TESTED","MISSING"
"imp","대담한 슬쩍","3","aug-186","UNKNOWN_CANONICAL_NAME","MISSING","UNKNOWN","UNSPECIFIED","NOT_TESTED","MISSING"
"imp","대담한 슬쩍","3","aug-187","UNKNOWN_CANONICAL_NAME","MISSING","UNKNOWN","UNSPECIFIED","NOT_TESTED","MISSING"
"imp","대담한 슬쩍","4","aug-188","UNKNOWN_CANONICAL_NAME","MISSING","UNKNOWN","UNSPECIFIED","NOT_TESTED","MISSING"
"imp","대담한 슬쩍","4","aug-189","UNKNOWN_CANONICAL_NAME","MISSING","UNKNOWN","UNSPECIFIED","NOT_TESTED","MISSING"
"imp","대담한 슬쩍","4","aug-190","UNKNOWN_CANONICAL_NAME","MISSING","UNKNOWN","UNSPECIFIED","NOT_TESTED","MISSING"
"imp","소매치기 악동","1","aug-191","소매치기 악동","MISSING","UNKNOWN","UNSPECIFIED","NOT_TESTED","MISSING"
"imp","소매치기 악동","2","aug-192","UNKNOWN_CANONICAL_NAME","MISSING","UNKNOWN","UNSPECIFIED","NOT_TESTED","MISSING"
"imp","소매치기 악동","2","aug-193","UNKNOWN_CANONICAL_NAME","MISSING","UNKNOWN","UNSPECIFIED","NOT_TESTED","MISSING"
"imp","소매치기 악동","2","aug-194","UNKNOWN_CANONICAL_NAME","MISSING","UNKNOWN","UNSPECIFIED","NOT_TESTED","MISSING"
"imp","소매치기 악동","3","aug-195","UNKNOWN_CANONICAL_NAME","MISSING","UNKNOWN","UNSPECIFIED","NOT_TESTED","MISSING"
"imp","소매치기 악동","3","aug-196","UNKNOWN_CANONICAL_NAME","MISSING","UNKNOWN","UNSPECIFIED","NOT_TESTED","MISSING"
"imp","소매치기 악동","3","aug-197","UNKNOWN_CANONICAL_NAME","MISSING","UNKNOWN","UNSPECIFIED","NOT_TESTED","MISSING"
"imp","소매치기 악동","4","aug-198","UNKNOWN_CANONICAL_NAME","MISSING","UNKNOWN","UNSPECIFIED","NOT_TESTED","MISSING"
"imp","소매치기 악동","4","aug-199","UNKNOWN_CANONICAL_NAME","MISSING","UNKNOWN","UNSPECIFIED","NOT_TESTED","MISSING"
"imp","소매치기 악동","4","aug-200","UNKNOWN_CANONICAL_NAME","MISSING","UNKNOWN","UNSPECIFIED","NOT_TESTED","MISSING"
"imp","장난의 연쇄","1","aug-201","장난의 연쇄","MISSING","UNKNOWN","UNSPECIFIED","NOT_TESTED","MISSING"
"imp","장난의 연쇄","2","aug-202","UNKNOWN_CANONICAL_NAME","MISSING","UNKNOWN","UNSPECIFIED","NOT_TESTED","MISSING"
"imp","장난의 연쇄","2","aug-203","UNKNOWN_CANONICAL_NAME","MISSING","UNKNOWN","UNSPECIFIED","NOT_TESTED","MISSING"
"imp","장난의 연쇄","2","aug-204","UNKNOWN_CANONICAL_NAME","MISSING","UNKNOWN","UNSPECIFIED","NOT_TESTED","MISSING"
"imp","장난의 연쇄","3","aug-205","UNKNOWN_CANONICAL_NAME","MISSING","UNKNOWN","UNSPECIFIED","NOT_TESTED","MISSING"
"imp","장난의 연쇄","3","aug-206","UNKNOWN_CANONICAL_NAME","MISSING","UNKNOWN","UNSPECIFIED","NOT_TESTED","MISSING"
"imp","장난의 연쇄","3","aug-207","UNKNOWN_CANONICAL_NAME","MISSING","UNKNOWN","UNSPECIFIED","NOT_TESTED","MISSING"
"imp","장난의 연쇄","4","aug-208","UNKNOWN_CANONICAL_NAME","MISSING","UNKNOWN","UNSPECIFIED","NOT_TESTED","MISSING"
"imp","장난의 연쇄","4","aug-209","UNKNOWN_CANONICAL_NAME","MISSING","UNKNOWN","UNSPECIFIED","NOT_TESTED","MISSING"
"imp","장난의 연쇄","4","aug-210","UNKNOWN_CANONICAL_NAME","MISSING","UNKNOWN","UNSPECIFIED","NOT_TESTED","MISSING"
"gambler","운명의 승부사","1","aug-211","운명의 승부사","MISSING","UNKNOWN","UNSPECIFIED","NOT_TESTED","MISSING"
"gambler","운명의 승부사","2","aug-212","UNKNOWN_CANONICAL_NAME","MISSING","UNKNOWN","UNSPECIFIED","NOT_TESTED","MISSING"
"gambler","운명의 승부사","2","aug-213","UNKNOWN_CANONICAL_NAME","MISSING","UNKNOWN","UNSPECIFIED","NOT_TESTED","MISSING"
"gambler","운명의 승부사","2","aug-214","UNKNOWN_CANONICAL_NAME","MISSING","UNKNOWN","UNSPECIFIED","NOT_TESTED","MISSING"
"gambler","운명의 승부사","3","aug-215","UNKNOWN_CANONICAL_NAME","MISSING","UNKNOWN","UNSPECIFIED","NOT_TESTED","MISSING"
"gambler","운명의 승부사","3","aug-216","UNKNOWN_CANONICAL_NAME","MISSING","UNKNOWN","UNSPECIFIED","NOT_TESTED","MISSING"
"gambler","운명의 승부사","3","aug-217","UNKNOWN_CANONICAL_NAME","MISSING","UNKNOWN","UNSPECIFIED","NOT_TESTED","MISSING"
"gambler","운명의 승부사","4","aug-218","UNKNOWN_CANONICAL_NAME","MISSING","UNKNOWN","UNSPECIFIED","NOT_TESTED","MISSING"
"gambler","운명의 승부사","4","aug-219","UNKNOWN_CANONICAL_NAME","MISSING","UNKNOWN","UNSPECIFIED","NOT_TESTED","MISSING"
"gambler","운명의 승부사","4","aug-220","UNKNOWN_CANONICAL_NAME","MISSING","UNKNOWN","UNSPECIFIED","NOT_TESTED","MISSING"
"gambler","카드 카운터","1","aug-221","카드 카운터","MISSING","UNKNOWN","UNSPECIFIED","NOT_TESTED","MISSING"
"gambler","카드 카운터","2","aug-222","UNKNOWN_CANONICAL_NAME","MISSING","UNKNOWN","UNSPECIFIED","NOT_TESTED","MISSING"
"gambler","카드 카운터","2","aug-223","UNKNOWN_CANONICAL_NAME","MISSING","UNKNOWN","UNSPECIFIED","NOT_TESTED","MISSING"
"gambler","카드 카운터","2","aug-224","UNKNOWN_CANONICAL_NAME","MISSING","UNKNOWN","UNSPECIFIED","NOT_TESTED","MISSING"
"gambler","카드 카운터","3","aug-225","UNKNOWN_CANONICAL_NAME","MISSING","UNKNOWN","UNSPECIFIED","NOT_TESTED","MISSING"
"gambler","카드 카운터","3","aug-226","UNKNOWN_CANONICAL_NAME","MISSING","UNKNOWN","UNSPECIFIED","NOT_TESTED","MISSING"
"gambler","카드 카운터","3","aug-227","UNKNOWN_CANONICAL_NAME","MISSING","UNKNOWN","UNSPECIFIED","NOT_TESTED","MISSING"
"gambler","카드 카운터","4","aug-228","UNKNOWN_CANONICAL_NAME","MISSING","UNKNOWN","UNSPECIFIED","NOT_TESTED","MISSING"
"gambler","카드 카운터","4","aug-229","UNKNOWN_CANONICAL_NAME","MISSING","UNKNOWN","UNSPECIFIED","NOT_TESTED","MISSING"
"gambler","카드 카운터","4","aug-230","UNKNOWN_CANONICAL_NAME","MISSING","UNKNOWN","UNSPECIFIED","NOT_TESTED","MISSING"
"gambler","올인","1","aug-231","올인","MISSING","UNKNOWN","UNSPECIFIED","NOT_TESTED","MISSING"
"gambler","올인","2","aug-232","UNKNOWN_CANONICAL_NAME","MISSING","UNKNOWN","UNSPECIFIED","NOT_TESTED","MISSING"
"gambler","올인","2","aug-233","UNKNOWN_CANONICAL_NAME","MISSING","UNKNOWN","UNSPECIFIED","NOT_TESTED","MISSING"
"gambler","올인","2","aug-234","UNKNOWN_CANONICAL_NAME","MISSING","UNKNOWN","UNSPECIFIED","NOT_TESTED","MISSING"
"gambler","올인","3","aug-235","UNKNOWN_CANONICAL_NAME","MISSING","UNKNOWN","UNSPECIFIED","NOT_TESTED","MISSING"
"gambler","올인","3","aug-236","UNKNOWN_CANONICAL_NAME","MISSING","UNKNOWN","UNSPECIFIED","NOT_TESTED","MISSING"
"gambler","올인","3","aug-237","UNKNOWN_CANONICAL_NAME","MISSING","UNKNOWN","UNSPECIFIED","NOT_TESTED","MISSING"
"gambler","올인","4","aug-238","UNKNOWN_CANONICAL_NAME","MISSING","UNKNOWN","UNSPECIFIED","NOT_TESTED","MISSING"
"gambler","올인","4","aug-239","UNKNOWN_CANONICAL_NAME","MISSING","UNKNOWN","UNSPECIFIED","NOT_TESTED","MISSING"
"gambler","올인","4","aug-240","UNKNOWN_CANONICAL_NAME","MISSING","UNKNOWN","UNSPECIFIED","NOT_TESTED","MISSING"
"gunner","전탄 난사","1","aug-241","전탄 난사","EXECUTABLE","SPECIAL:FULL_BARRAGE","RUN ownership; effect scope per trigger","PASS","SUMMARY"
"gunner","전탄 난사","2","aug-242","대용량 탄창","DATA_ONLY","UNSPECIFIED","RUN ownership; effect scope per trigger","NOT_TESTED","NAME_ONLY"
"gunner","전탄 난사","2","aug-243","급속 장전","DATA_ONLY","UNSPECIFIED","RUN ownership; effect scope per trigger","NOT_TESTED","NAME_ONLY"
"gunner","전탄 난사","2","aug-244","화약 증량","DATA_ONLY","UNSPECIFIED","RUN ownership; effect scope per trigger","NOT_TESTED","NAME_ONLY"
"gunner","전탄 난사","3","aug-245","탄띠 급탄","DATA_ONLY","UNSPECIFIED","RUN ownership; effect scope per trigger","NOT_TESTED","NAME_ONLY"
"gunner","전탄 난사","3","aug-246","완전 연소","DATA_ONLY","UNSPECIFIED","RUN ownership; effect scope per trigger","NOT_TESTED","NAME_ONLY"
"gunner","전탄 난사","3","aug-247","마지막 한 발까지","DATA_ONLY","UNSPECIFIED","RUN ownership; effect scope per trigger","NOT_TESTED","NAME_ONLY"
"gunner","전탄 난사","4","aug-248","탄막 지배","DATA_ONLY","UNSPECIFIED","RUN ownership; effect scope per trigger","NOT_TESTED","NAME_ONLY"
"gunner","전탄 난사","4","aug-249","전쟁 기계","DATA_ONLY","UNSPECIFIED","RUN ownership; effect scope per trigger","NOT_TESTED","NAME_ONLY"
"gunner","전탄 난사","4","aug-250","최후통첩","DATA_ONLY","UNSPECIFIED","RUN ownership; effect scope per trigger","NOT_TESTED","NAME_ONLY"
"gunner","정밀 사수","1","aug-251","정밀 사수","DATA_ONLY","UNSPECIFIED","RUN ownership; effect scope per trigger","NOT_TESTED","NAME_ONLY"
"gunner","정밀 사수","2","aug-252","영점 조정","DATA_ONLY","UNSPECIFIED","RUN ownership; effect scope per trigger","NOT_TESTED","NAME_ONLY"
"gunner","정밀 사수","2","aug-253","침착한 호흡","DATA_ONLY","UNSPECIFIED","RUN ownership; effect scope per trigger","NOT_TESTED","NAME_ONLY"
"gunner","정밀 사수","2","aug-254","대구경 탄환","DATA_ONLY","UNSPECIFIED","RUN ownership; effect scope per trigger","NOT_TESTED","NAME_ONLY"
"gunner","정밀 사수","3","aug-255","탄도 계산","DATA_ONLY","UNSPECIFIED","RUN ownership; effect scope per trigger","NOT_TESTED","NAME_ONLY"
"gunner","정밀 사수","3","aug-256","약점 포착","DATA_ONLY","UNSPECIFIED","RUN ownership; effect scope per trigger","NOT_TESTED","NAME_ONLY"
"gunner","정밀 사수","3","aug-257","관통탄","DATA_ONLY","UNSPECIFIED","RUN ownership; effect scope per trigger","NOT_TESTED","NAME_ONLY"
"gunner","정밀 사수","4","aug-258","데드아이","DATA_ONLY","UNSPECIFIED","RUN ownership; effect scope per trigger","NOT_TESTED","NAME_ONLY"
"gunner","정밀 사수","4","aug-259","백발백중","DATA_ONLY","UNSPECIFIED","RUN ownership; effect scope per trigger","NOT_TESTED","NAME_ONLY"
"gunner","정밀 사수","4","aug-260","사형 선고","DATA_ONLY","UNSPECIFIED","RUN ownership; effect scope per trigger","NOT_TESTED","NAME_ONLY"
"gunner","과열 기관","1","aug-261","과열 기관","DATA_ONLY","UNSPECIFIED","RUN ownership; effect scope per trigger","NOT_TESTED","NAME_ONLY"
"gunner","과열 기관","2","aug-262","고압 기관","DATA_ONLY","UNSPECIFIED","RUN ownership; effect scope per trigger","NOT_TESTED","NAME_ONLY"
"gunner","과열 기관","2","aug-263","냉각핀","DATA_ONLY","UNSPECIFIED","RUN ownership; effect scope per trigger","NOT_TESTED","NAME_ONLY"
"gunner","과열 기관","2","aug-264","붉은 배기관","DATA_ONLY","UNSPECIFIED","RUN ownership; effect scope per trigger","NOT_TESTED","NAME_ONLY"
"gunner","과열 기관","3","aug-265","임계 출력","DATA_ONLY","UNSPECIFIED","RUN ownership; effect scope per trigger","NOT_TESTED","NAME_ONLY"
"gunner","과열 기관","3","aug-266","폭주 실린더","DATA_ONLY","UNSPECIFIED","RUN ownership; effect scope per trigger","NOT_TESTED","NAME_ONLY"
"gunner","과열 기관","3","aug-267","비상 냉각","DATA_ONLY","UNSPECIFIED","RUN ownership; effect scope per trigger","NOT_TESTED","NAME_ONLY"
"gunner","과열 기관","4","aug-268","레드존","DATA_ONLY","UNSPECIFIED","RUN ownership; effect scope per trigger","NOT_TESTED","NAME_ONLY"
"gunner","과열 기관","4","aug-269","멈추지 않는 포화","DATA_ONLY","UNSPECIFIED","RUN ownership; effect scope per trigger","NOT_TESTED","NAME_ONLY"
"gunner","과열 기관","4","aug-270","기관 폭주","DATA_ONLY","UNSPECIFIED","RUN ownership; effect scope per trigger","NOT_TESTED","NAME_ONLY"
"martial_artist","무한 연격","1","aug-271","무한 연격","MISSING","UNKNOWN","UNSPECIFIED","NOT_TESTED","MISSING"
"martial_artist","무한 연격","2","aug-272","UNKNOWN_CANONICAL_NAME","MISSING","UNKNOWN","UNSPECIFIED","NOT_TESTED","MISSING"
"martial_artist","무한 연격","2","aug-273","UNKNOWN_CANONICAL_NAME","MISSING","UNKNOWN","UNSPECIFIED","NOT_TESTED","MISSING"
"martial_artist","무한 연격","2","aug-274","UNKNOWN_CANONICAL_NAME","MISSING","UNKNOWN","UNSPECIFIED","NOT_TESTED","MISSING"
"martial_artist","무한 연격","3","aug-275","UNKNOWN_CANONICAL_NAME","MISSING","UNKNOWN","UNSPECIFIED","NOT_TESTED","MISSING"
"martial_artist","무한 연격","3","aug-276","UNKNOWN_CANONICAL_NAME","MISSING","UNKNOWN","UNSPECIFIED","NOT_TESTED","MISSING"
"martial_artist","무한 연격","3","aug-277","UNKNOWN_CANONICAL_NAME","MISSING","UNKNOWN","UNSPECIFIED","NOT_TESTED","MISSING"
"martial_artist","무한 연격","4","aug-278","UNKNOWN_CANONICAL_NAME","MISSING","UNKNOWN","UNSPECIFIED","NOT_TESTED","MISSING"
"martial_artist","무한 연격","4","aug-279","UNKNOWN_CANONICAL_NAME","MISSING","UNKNOWN","UNSPECIFIED","NOT_TESTED","MISSING"
"martial_artist","무한 연격","4","aug-280","UNKNOWN_CANONICAL_NAME","MISSING","UNKNOWN","UNSPECIFIED","NOT_TESTED","MISSING"
"martial_artist","방어 분쇄","1","aug-281","방어 분쇄","MISSING","UNKNOWN","UNSPECIFIED","NOT_TESTED","MISSING"
"martial_artist","방어 분쇄","2","aug-282","UNKNOWN_CANONICAL_NAME","MISSING","UNKNOWN","UNSPECIFIED","NOT_TESTED","MISSING"
"martial_artist","방어 분쇄","2","aug-283","UNKNOWN_CANONICAL_NAME","MISSING","UNKNOWN","UNSPECIFIED","NOT_TESTED","MISSING"
"martial_artist","방어 분쇄","2","aug-284","UNKNOWN_CANONICAL_NAME","MISSING","UNKNOWN","UNSPECIFIED","NOT_TESTED","MISSING"
"martial_artist","방어 분쇄","3","aug-285","UNKNOWN_CANONICAL_NAME","MISSING","UNKNOWN","UNSPECIFIED","NOT_TESTED","MISSING"
"martial_artist","방어 분쇄","3","aug-286","UNKNOWN_CANONICAL_NAME","MISSING","UNKNOWN","UNSPECIFIED","NOT_TESTED","MISSING"
"martial_artist","방어 분쇄","3","aug-287","UNKNOWN_CANONICAL_NAME","MISSING","UNKNOWN","UNSPECIFIED","NOT_TESTED","MISSING"
"martial_artist","방어 분쇄","4","aug-288","UNKNOWN_CANONICAL_NAME","MISSING","UNKNOWN","UNSPECIFIED","NOT_TESTED","MISSING"
"martial_artist","방어 분쇄","4","aug-289","UNKNOWN_CANONICAL_NAME","MISSING","UNKNOWN","UNSPECIFIED","NOT_TESTED","MISSING"
"martial_artist","방어 분쇄","4","aug-290","UNKNOWN_CANONICAL_NAME","MISSING","UNKNOWN","UNSPECIFIED","NOT_TESTED","MISSING"
"martial_artist","일격필살","1","aug-291","일격필살","EXECUTABLE","SPECIAL:ONE_HIT_KILL","RUN ownership; effect scope per trigger","PASS","SUMMARY"
"martial_artist","일격필살","2","aug-292","UNKNOWN_CANONICAL_NAME","MISSING","UNKNOWN","UNSPECIFIED","NOT_TESTED","MISSING"
"martial_artist","일격필살","2","aug-293","UNKNOWN_CANONICAL_NAME","MISSING","UNKNOWN","UNSPECIFIED","NOT_TESTED","MISSING"
"martial_artist","일격필살","2","aug-294","UNKNOWN_CANONICAL_NAME","MISSING","UNKNOWN","UNSPECIFIED","NOT_TESTED","MISSING"
"martial_artist","일격필살","3","aug-295","UNKNOWN_CANONICAL_NAME","MISSING","UNKNOWN","UNSPECIFIED","NOT_TESTED","MISSING"
"martial_artist","일격필살","3","aug-296","UNKNOWN_CANONICAL_NAME","MISSING","UNKNOWN","UNSPECIFIED","NOT_TESTED","MISSING"
"martial_artist","일격필살","3","aug-297","UNKNOWN_CANONICAL_NAME","MISSING","UNKNOWN","UNSPECIFIED","NOT_TESTED","MISSING"
"martial_artist","일격필살","4","aug-298","UNKNOWN_CANONICAL_NAME","MISSING","UNKNOWN","UNSPECIFIED","NOT_TESTED","MISSING"
"martial_artist","일격필살","4","aug-299","UNKNOWN_CANONICAL_NAME","MISSING","UNKNOWN","UNSPECIFIED","NOT_TESTED","MISSING"
"martial_artist","일격필살","4","aug-300","UNKNOWN_CANONICAL_NAME","MISSING","UNKNOWN","UNSPECIFIED","NOT_TESTED","MISSING"
"vampire","완전한 권속","1","aug-301","완전한 권속","EXECUTABLE","SPECIAL:FULL_THRALL;CAPTURE_RESOURCE;SET_RESOURCE;ADD_RESOURCE;MODIFY_DAMAGE","RUN ownership; effect scope per trigger","PASS","SUMMARY"
"vampire","완전한 권속","2","aug-302","UNKNOWN_CANONICAL_NAME","MISSING","UNKNOWN","UNSPECIFIED","NOT_TESTED","MISSING"
"vampire","완전한 권속","2","aug-303","UNKNOWN_CANONICAL_NAME","MISSING","UNKNOWN","UNSPECIFIED","NOT_TESTED","MISSING"
"vampire","완전한 권속","2","aug-304","UNKNOWN_CANONICAL_NAME","MISSING","UNKNOWN","UNSPECIFIED","NOT_TESTED","MISSING"
"vampire","완전한 권속","3","aug-305","UNKNOWN_CANONICAL_NAME","MISSING","UNKNOWN","UNSPECIFIED","NOT_TESTED","MISSING"
"vampire","완전한 권속","3","aug-306","UNKNOWN_CANONICAL_NAME","MISSING","UNKNOWN","UNSPECIFIED","NOT_TESTED","MISSING"
"vampire","완전한 권속","3","aug-307","UNKNOWN_CANONICAL_NAME","MISSING","UNKNOWN","UNSPECIFIED","NOT_TESTED","MISSING"
"vampire","완전한 권속","4","aug-308","UNKNOWN_CANONICAL_NAME","MISSING","UNKNOWN","UNSPECIFIED","NOT_TESTED","MISSING"
"vampire","완전한 권속","4","aug-309","UNKNOWN_CANONICAL_NAME","MISSING","UNKNOWN","UNSPECIFIED","NOT_TESTED","MISSING"
"vampire","완전한 권속","4","aug-310","UNKNOWN_CANONICAL_NAME","MISSING","UNKNOWN","UNSPECIFIED","NOT_TESTED","MISSING"
"vampire","피의 맹약","1","aug-311","피의 맹약","MISSING","UNKNOWN","UNSPECIFIED","NOT_TESTED","MISSING"
"vampire","피의 맹약","2","aug-312","UNKNOWN_CANONICAL_NAME","MISSING","UNKNOWN","UNSPECIFIED","NOT_TESTED","MISSING"
"vampire","피의 맹약","2","aug-313","UNKNOWN_CANONICAL_NAME","MISSING","UNKNOWN","UNSPECIFIED","NOT_TESTED","MISSING"
"vampire","피의 맹약","2","aug-314","UNKNOWN_CANONICAL_NAME","MISSING","UNKNOWN","UNSPECIFIED","NOT_TESTED","MISSING"
"vampire","피의 맹약","3","aug-315","UNKNOWN_CANONICAL_NAME","MISSING","UNKNOWN","UNSPECIFIED","NOT_TESTED","MISSING"
"vampire","피의 맹약","3","aug-316","UNKNOWN_CANONICAL_NAME","MISSING","UNKNOWN","UNSPECIFIED","NOT_TESTED","MISSING"
"vampire","피의 맹약","3","aug-317","UNKNOWN_CANONICAL_NAME","MISSING","UNKNOWN","UNSPECIFIED","NOT_TESTED","MISSING"
"vampire","피의 맹약","4","aug-318","UNKNOWN_CANONICAL_NAME","MISSING","UNKNOWN","UNSPECIFIED","NOT_TESTED","MISSING"
"vampire","피의 맹약","4","aug-319","UNKNOWN_CANONICAL_NAME","MISSING","UNKNOWN","UNSPECIFIED","NOT_TESTED","MISSING"
"vampire","피의 맹약","4","aug-320","UNKNOWN_CANONICAL_NAME","MISSING","UNKNOWN","UNSPECIFIED","NOT_TESTED","MISSING"
"vampire","수혈","1","aug-321","수혈","EXECUTABLE","SPECIAL:TRANSFUSION","RUN ownership; effect scope per trigger","PASS","SUMMARY"
"vampire","수혈","2","aug-322","UNKNOWN_CANONICAL_NAME","MISSING","UNKNOWN","UNSPECIFIED","NOT_TESTED","MISSING"
"vampire","수혈","2","aug-323","UNKNOWN_CANONICAL_NAME","MISSING","UNKNOWN","UNSPECIFIED","NOT_TESTED","MISSING"
"vampire","수혈","2","aug-324","UNKNOWN_CANONICAL_NAME","MISSING","UNKNOWN","UNSPECIFIED","NOT_TESTED","MISSING"
"vampire","수혈","3","aug-325","UNKNOWN_CANONICAL_NAME","MISSING","UNKNOWN","UNSPECIFIED","NOT_TESTED","MISSING"
"vampire","수혈","3","aug-326","UNKNOWN_CANONICAL_NAME","MISSING","UNKNOWN","UNSPECIFIED","NOT_TESTED","MISSING"
"vampire","수혈","3","aug-327","UNKNOWN_CANONICAL_NAME","MISSING","UNKNOWN","UNSPECIFIED","NOT_TESTED","MISSING"
"vampire","수혈","4","aug-328","UNKNOWN_CANONICAL_NAME","MISSING","UNKNOWN","UNSPECIFIED","NOT_TESTED","MISSING"
"vampire","수혈","4","aug-329","UNKNOWN_CANONICAL_NAME","MISSING","UNKNOWN","UNSPECIFIED","NOT_TESTED","MISSING"
"vampire","수혈","4","aug-330","UNKNOWN_CANONICAL_NAME","MISSING","UNKNOWN","UNSPECIFIED","NOT_TESTED","MISSING"
"demon_swordsman","포식 귀참","1","aug-331","포식 귀참","EXECUTABLE","SPECIAL:DEVOURING_GHOST_SLASH","RUN ownership; effect scope per trigger","PASS","SUMMARY"
"demon_swordsman","포식 귀참","2","aug-332","UNKNOWN_CANONICAL_NAME","MISSING","UNKNOWN","UNSPECIFIED","NOT_TESTED","MISSING"
"demon_swordsman","포식 귀참","2","aug-333","UNKNOWN_CANONICAL_NAME","MISSING","UNKNOWN","UNSPECIFIED","NOT_TESTED","MISSING"
"demon_swordsman","포식 귀참","2","aug-334","UNKNOWN_CANONICAL_NAME","MISSING","UNKNOWN","UNSPECIFIED","NOT_TESTED","MISSING"
"demon_swordsman","포식 귀참","3","aug-335","UNKNOWN_CANONICAL_NAME","MISSING","UNKNOWN","UNSPECIFIED","NOT_TESTED","MISSING"
"demon_swordsman","포식 귀참","3","aug-336","UNKNOWN_CANONICAL_NAME","MISSING","UNKNOWN","UNSPECIFIED","NOT_TESTED","MISSING"
"demon_swordsman","포식 귀참","3","aug-337","UNKNOWN_CANONICAL_NAME","MISSING","UNKNOWN","UNSPECIFIED","NOT_TESTED","MISSING"
"demon_swordsman","포식 귀참","4","aug-338","UNKNOWN_CANONICAL_NAME","MISSING","UNKNOWN","UNSPECIFIED","NOT_TESTED","MISSING"
"demon_swordsman","포식 귀참","4","aug-339","UNKNOWN_CANONICAL_NAME","MISSING","UNKNOWN","UNSPECIFIED","NOT_TESTED","MISSING"
"demon_swordsman","포식 귀참","4","aug-340","UNKNOWN_CANONICAL_NAME","MISSING","UNKNOWN","UNSPECIFIED","NOT_TESTED","MISSING"
"demon_swordsman","굶주린 마검","1","aug-341","굶주린 마검","MISSING","UNKNOWN","UNSPECIFIED","NOT_TESTED","MISSING"
"demon_swordsman","굶주린 마검","2","aug-342","UNKNOWN_CANONICAL_NAME","MISSING","UNKNOWN","UNSPECIFIED","NOT_TESTED","MISSING"
"demon_swordsman","굶주린 마검","2","aug-343","UNKNOWN_CANONICAL_NAME","MISSING","UNKNOWN","UNSPECIFIED","NOT_TESTED","MISSING"
"demon_swordsman","굶주린 마검","2","aug-344","UNKNOWN_CANONICAL_NAME","MISSING","UNKNOWN","UNSPECIFIED","NOT_TESTED","MISSING"
"demon_swordsman","굶주린 마검","3","aug-345","UNKNOWN_CANONICAL_NAME","MISSING","UNKNOWN","UNSPECIFIED","NOT_TESTED","MISSING"
"demon_swordsman","굶주린 마검","3","aug-346","UNKNOWN_CANONICAL_NAME","MISSING","UNKNOWN","UNSPECIFIED","NOT_TESTED","MISSING"
"demon_swordsman","굶주린 마검","3","aug-347","UNKNOWN_CANONICAL_NAME","MISSING","UNKNOWN","UNSPECIFIED","NOT_TESTED","MISSING"
"demon_swordsman","굶주린 마검","4","aug-348","UNKNOWN_CANONICAL_NAME","MISSING","UNKNOWN","UNSPECIFIED","NOT_TESTED","MISSING"
"demon_swordsman","굶주린 마검","4","aug-349","UNKNOWN_CANONICAL_NAME","MISSING","UNKNOWN","UNSPECIFIED","NOT_TESTED","MISSING"
"demon_swordsman","굶주린 마검","4","aug-350","UNKNOWN_CANONICAL_NAME","MISSING","UNKNOWN","UNSPECIFIED","NOT_TESTED","MISSING"
"demon_swordsman","해방된 귀검","1","aug-351","해방된 귀검","EXECUTABLE","SPECIAL:RELEASED_DEMON_SWORD","RUN ownership; effect scope per trigger","PASS","SUMMARY"
"demon_swordsman","해방된 귀검","2","aug-352","UNKNOWN_CANONICAL_NAME","MISSING","UNKNOWN","UNSPECIFIED","NOT_TESTED","MISSING"
"demon_swordsman","해방된 귀검","2","aug-353","UNKNOWN_CANONICAL_NAME","MISSING","UNKNOWN","UNSPECIFIED","NOT_TESTED","MISSING"
"demon_swordsman","해방된 귀검","2","aug-354","UNKNOWN_CANONICAL_NAME","MISSING","UNKNOWN","UNSPECIFIED","NOT_TESTED","MISSING"
"demon_swordsman","해방된 귀검","3","aug-355","UNKNOWN_CANONICAL_NAME","MISSING","UNKNOWN","UNSPECIFIED","NOT_TESTED","MISSING"
"demon_swordsman","해방된 귀검","3","aug-356","UNKNOWN_CANONICAL_NAME","MISSING","UNKNOWN","UNSPECIFIED","NOT_TESTED","MISSING"
"demon_swordsman","해방된 귀검","3","aug-357","UNKNOWN_CANONICAL_NAME","MISSING","UNKNOWN","UNSPECIFIED","NOT_TESTED","MISSING"
"demon_swordsman","해방된 귀검","4","aug-358","UNKNOWN_CANONICAL_NAME","MISSING","UNKNOWN","UNSPECIFIED","NOT_TESTED","MISSING"
"demon_swordsman","해방된 귀검","4","aug-359","UNKNOWN_CANONICAL_NAME","MISSING","UNKNOWN","UNSPECIFIED","NOT_TESTED","MISSING"
"demon_swordsman","해방된 귀검","4","aug-360","UNKNOWN_CANONICAL_NAME","MISSING","UNKNOWN","UNSPECIFIED","NOT_TESTED","MISSING"
"twins","완벽한 교대","1","aug-361","완벽한 교대","DATA_ONLY","UNSPECIFIED","RUN ownership; effect scope per trigger","NOT_TESTED","NAME_ONLY"
"twins","완벽한 교대","2","aug-362","쌍인 호흡","DATA_ONLY","UNSPECIFIED","RUN ownership; effect scope per trigger","NOT_TESTED","NAME_ONLY"
"twins","완벽한 교대","2","aug-363","안전망","DATA_ONLY","UNSPECIFIED","RUN ownership; effect scope per trigger","NOT_TESTED","NAME_ONLY"
"twins","완벽한 교대","2","aug-364","교대 발놀림","DATA_ONLY","UNSPECIFIED","RUN ownership; effect scope per trigger","NOT_TESTED","NAME_ONLY"
"twins","완벽한 교대","3","aug-365","완벽한 합","DATA_ONLY","UNSPECIFIED","RUN ownership; effect scope per trigger","NOT_TESTED","NAME_ONLY"
"twins","완벽한 교대","3","aug-366","교차 찌르기","DATA_ONLY","UNSPECIFIED","RUN ownership; effect scope per trigger","NOT_TESTED","NAME_ONLY"
"twins","완벽한 교대","3","aug-367","동시 착지","DATA_ONLY","UNSPECIFIED","RUN ownership; effect scope per trigger","NOT_TESTED","NAME_ONLY"
"twins","완벽한 교대","4","aug-368","무결점 공연","DATA_ONLY","UNSPECIFIED","RUN ownership; effect scope per trigger","NOT_TESTED","NAME_ONLY"
"twins","완벽한 교대","4","aug-369","쌍인 피날레","DATA_ONLY","UNSPECIFIED","RUN ownership; effect scope per trigger","NOT_TESTED","NAME_ONLY"
"twins","완벽한 교대","4","aug-370","앙코르!","DATA_ONLY","UNSPECIFIED","RUN ownership; effect scope per trigger","NOT_TESTED","NAME_ONLY"
"twins","태양과 달","1","aug-371","태양과 달","DATA_ONLY","UNSPECIFIED","RUN ownership; effect scope per trigger","NOT_TESTED","NAME_ONLY"
"twins","태양과 달","2","aug-372","따스한 코로나","DATA_ONLY","UNSPECIFIED","RUN ownership; effect scope per trigger","NOT_TESTED","NAME_ONLY"
"twins","태양과 달","2","aug-373","창백한 월광","DATA_ONLY","UNSPECIFIED","RUN ownership; effect scope per trigger","NOT_TESTED","NAME_ONLY"
"twins","태양과 달","2","aug-374","천구의 관성","DATA_ONLY","UNSPECIFIED","RUN ownership; effect scope per trigger","NOT_TESTED","NAME_ONLY"
"twins","태양과 달","3","aug-375","태양의 잔광","DATA_ONLY","UNSPECIFIED","RUN ownership; effect scope per trigger","NOT_TESTED","NAME_ONLY"
"twins","태양과 달","3","aug-376","월식의 잔흔","DATA_ONLY","UNSPECIFIED","RUN ownership; effect scope per trigger","NOT_TESTED","NAME_ONLY"
"twins","태양과 달","3","aug-377","합삭과 망","DATA_ONLY","UNSPECIFIED","RUN ownership; effect scope per trigger","NOT_TESTED","NAME_ONLY"
"twins","태양과 달","4","aug-378","영원의 일식","DATA_ONLY","UNSPECIFIED","RUN ownership; effect scope per trigger","NOT_TESTED","NAME_ONLY"
"twins","태양과 달","4","aug-379","핏빛 월식","DATA_ONLY","UNSPECIFIED","RUN ownership; effect scope per trigger","NOT_TESTED","NAME_ONLY"
"twins","태양과 달","4","aug-380","천체윤회","DATA_ONLY","UNSPECIFIED","RUN ownership; effect scope per trigger","NOT_TESTED","NAME_ONLY"
"twins","공중 곡예","1","aug-381","공중 곡예","EXECUTABLE","SPECIAL:AERIAL_ACROBATICS","RUN ownership; effect scope per trigger","PASS","SUMMARY"
"twins","공중 곡예","2","aug-382","높이 더!","DATA_ONLY","UNSPECIFIED","RUN ownership; effect scope per trigger","NOT_TESTED","NAME_ONLY"
"twins","공중 곡예","2","aug-383","연속 공중제비","DATA_ONLY","UNSPECIFIED","RUN ownership; effect scope per trigger","NOT_TESTED","NAME_ONLY"
"twins","공중 곡예","2","aug-384","안전 착지","DATA_ONLY","UNSPECIFIED","RUN ownership; effect scope per trigger","NOT_TESTED","NAME_ONLY"
"twins","공중 곡예","3","aug-385","트리플 악셀","DATA_ONLY","UNSPECIFIED","RUN ownership; effect scope per trigger","NOT_TESTED","NAME_ONLY"
"twins","공중 곡예","3","aug-386","아슬아슬한 묘기","DATA_ONLY","UNSPECIFIED","RUN ownership; effect scope per trigger","NOT_TESTED","NAME_ONLY"
"twins","공중 곡예","3","aug-387","공중 교대","DATA_ONLY","UNSPECIFIED","RUN ownership; effect scope per trigger","NOT_TESTED","NAME_ONLY"
"twins","공중 곡예","4","aug-388","끝없는 앙코르","DATA_ONLY","UNSPECIFIED","RUN ownership; effect scope per trigger","NOT_TESTED","NAME_ONLY"
"twins","공중 곡예","4","aug-389","낙하 피날레","DATA_ONLY","UNSPECIFIED","RUN ownership; effect scope per trigger","NOT_TESTED","NAME_ONLY"
"twins","공중 곡예","4","aug-390","하늘을 걷는 쌍둥이","DATA_ONLY","UNSPECIFIED","RUN ownership; effect scope per trigger","NOT_TESTED","NAME_ONLY"
