"augmentId","name","comparison","evidence","nextStep"
"aug-001","노련한 탐험가","REVIEW_REQUIRED","Top-level BETA number appears in runtime configuration; trigger, limit and description parity remain unverified","Verify against handler and integration test before marking MATCH"
"aug-031","불굴의 기사","REVIEW_REQUIRED","Top-level BETA number appears in runtime configuration; trigger, limit and description parity remain unverified","Verify against handler and integration test before marking MATCH"
"aug-041","수호벽","REVIEW_REQUIRED","Top-level BETA number appears in runtime configuration; trigger, limit and description parity remain unverified","Verify against handler and integration test before marking MATCH"
"aug-051","압살 기사","REVIEW_REQUIRED","Top-level BETA number appears in runtime configuration; trigger, limit and description parity remain unverified","Verify against handler and integration test before marking MATCH"
"aug-061","비열한 일격","MISMATCH_VALUE","BETA stack increments to max 2; runtime sets sneakyStack=1 on each solo-lowest success","Fix with behavioral test in 005F or class batch"
"aug-091","대마도 증폭","REVIEW_REQUIRED","Top-level BETA number appears in runtime configuration; trigger, limit and description parity remain unverified","Verify against handler and integration test before marking MATCH"
"aug-101","백마도사","REVIEW_REQUIRED","Top-level BETA number appears in runtime configuration; trigger, limit and description parity remain unverified","Verify against handler and integration test before marking MATCH"
"aug-111","역산술","REVIEW_REQUIRED","Top-level BETA number appears in runtime configuration; trigger, limit and description parity remain unverified","Verify against handler and integration test before marking MATCH"
"aug-121","피의 광전","REVIEW_REQUIRED","Top-level BETA number appears in runtime configuration; trigger, limit and description parity remain unverified","Verify against handler and integration test before marking MATCH"
"aug-131","불사 투사","REVIEW_REQUIRED","Top-level BETA number appears in runtime configuration; trigger, limit and description parity remain unverified","Verify against handler and integration test before marking MATCH"
"aug-161","운명 조작자","REVIEW_REQUIRED","Top-level BETA number appears in runtime configuration; trigger, limit and description parity remain unverified","Verify against handler and integration test before marking MATCH"
"aug-181","대담한 슬쩍","REVIEW_REQUIRED","Top-level BETA number appears in runtime configuration; trigger, limit and description parity remain unverified","Verify against handler and integration test before marking MATCH"
"aug-241","전탄 난사","REVIEW_REQUIRED","Top-level BETA number appears in runtime configuration; trigger, limit and description parity remain unverified","Verify against handler and integration test before marking MATCH"
"aug-291","일격필살","REVIEW_REQUIRED","Top-level BETA number appears in runtime configuration; trigger, limit and description parity remain unverified","Verify against handler and integration test before marking MATCH"
"aug-301","완전한 권속","MISMATCH_VALUE","BETA Dominance increments to max 2; runtime clears then adds 1 on each valid command","Fix with behavioral test in 005F or class batch"
"aug-321","수혈","REVIEW_REQUIRED","Top-level BETA number appears in runtime configuration; trigger, limit and description parity remain unverified","Verify against handler and integration test before marking MATCH"
"aug-331","포식 귀참","REVIEW_REQUIRED","Top-level BETA number appears in runtime configuration; trigger, limit and description parity remain unverified","Verify against handler and integration test before marking MATCH"
"aug-351","해방된 귀검","REVIEW_REQUIRED","Top-level BETA number appears in runtime configuration; trigger, limit and description parity remain unverified","Verify against handler and integration test before marking MATCH"
"aug-381","공중 곡예","REVIEW_REQUIRED","Top-level BETA number appears in runtime configuration; trigger, limit and description parity remain unverified","Verify against handler and integration test before marking MATCH"
