MonsterId,Tier,Cohort,Mechanic,ObservedTurns,OpportunityCount,PassCount,FailCount,PassRate,CollisionFailureCount,ContributorCounts,EffectiveRequirements,OracleSamples,Achievable,NoLegal,SearchIncomplete,RngDependent,NoLegalRateAmongDeterminateSample,AIMisplayWitnessCount,IdentityWarning,OracleScope,PreventionRuleCoverage
f3_greed_mimic,NORMAL,CONTROLLED_F3,F3_GREED,1499,0,0,0,,0,"{""4"": 1418, ""3"": 31, ""2"": 38, ""1"": 12}",{},0,0,0,0,0,,0,,"1-in-20 deterministic hash, cap40/species per execution; repaired partition separately capped; max128 legal combinations; submission skills only, forced submissions fixed; non-sampled/unknown excluded",DESCRIPTIVE_NO_EXACT_HAND_ORACLE
f3_greed_mimic,NORMAL,EXPEDITION_LIKE_F3,F3_GREED,1076,0,0,0,,0,"{""4"": 962, ""3"": 80, ""2"": 21, ""1"": 13}",{},0,0,0,0,0,,0,,"1-in-20 deterministic hash, cap40/species per execution; repaired partition separately capped; max128 legal combinations; submission skills only, forced submissions fixed; non-sampled/unknown excluded",DESCRIPTIVE_NO_EXACT_HAND_ORACLE
f3_royal_tax_collector,NORMAL,CONTROLLED_F3,F3_TAX,1580,1480,301,1179,0.20337837837837838,1144,"{""4"": 1562, ""3"": 3, ""2"": 12, ""1"": 3}","{""10"": 1562, ""8"": 3, ""5"": 12, ""3"": 3}",27,17,8,1,1,0.32,17,,"1-in-20 deterministic hash, cap40/species per execution; repaired partition separately capped; max128 legal combinations; submission skills only, forced submissions fixed; non-sampled/unknown excluded",EXPLICIT_REQUIREMENT
f3_royal_tax_collector,NORMAL,EXPEDITION_LIKE_F3,F3_TAX,1029,929,375,554,0.40365984930032295,499,"{""4"": 1029}","{""10"": 1029}",24,16,7,0,1,0.30434782608695654,16,,"1-in-20 deterministic hash, cap40/species per execution; repaired partition separately capped; max128 legal combinations; submission skills only, forced submissions fixed; non-sampled/unknown excluded",EXPLICIT_REQUIREMENT
f3_abyss_duelist,NORMAL,CONTROLLED_F3,F3_DUEL,1458,0,0,0,,0,"{""4"": 1280, ""3"": 62, ""1"": 55, ""2"": 61}",{},0,0,0,0,0,,0,,"1-in-20 deterministic hash, cap40/species per execution; repaired partition separately capped; max128 legal combinations; submission skills only, forced submissions fixed; non-sampled/unknown excluded",DESCRIPTIVE_NO_EXACT_HAND_ORACLE
f3_abyss_duelist,NORMAL,EXPEDITION_LIKE_F3,F3_DUEL,1063,0,0,0,,0,"{""4"": 861, ""3"": 123, ""2"": 54, ""1"": 25}",{},0,0,0,0,0,,0,,"1-in-20 deterministic hash, cap40/species per execution; repaired partition separately capped; max128 legal combinations; submission skills only, forced submissions fixed; non-sampled/unknown excluded",DESCRIPTIVE_NO_EXACT_HAND_ORACLE
f3_black_choir,NORMAL,CONTROLLED_F3,F3_CHOIR,939,923,479,444,0.5189599133261105,444,"{""4"": 579, ""3"": 64, ""1"": 189, ""2"": 107}","{""3"": 643, ""1"": 189, ""2"": 107}",26,14,10,2,0,0.4166666666666667,14,IMPOSSIBLE_TOO_OFTEN,"1-in-20 deterministic hash, cap40/species per execution; repaired partition separately capped; max128 legal combinations; submission skills only, forced submissions fixed; non-sampled/unknown excluded",EXPLICIT_REQUIREMENT
f3_black_choir,NORMAL,EXPEDITION_LIKE_F3,F3_CHOIR,1025,967,659,308,0.6814891416752844,308,"{""4"": 566, ""3"": 75, ""2"": 165, ""1"": 219}","{""3"": 641, ""2"": 165, ""1"": 219}",15,11,2,1,1,0.15384615384615385,11,,"1-in-20 deterministic hash, cap40/species per execution; repaired partition separately capped; max128 legal combinations; submission skills only, forced submissions fixed; non-sampled/unknown excluded",EXPLICIT_REQUIREMENT
f3_skillfeed_familiar,NORMAL,CONTROLLED_F3,F3_SKILL_FEED,1529,0,0,0,,0,"{""4"": 1509, ""3"": 6, ""2"": 11, ""1"": 3}",{},0,0,0,0,0,,0,,"1-in-20 deterministic hash, cap40/species per execution; repaired partition separately capped; max128 legal combinations; submission skills only, forced submissions fixed; non-sampled/unknown excluded",DESCRIPTIVE_NO_EXACT_HAND_ORACLE
f3_skillfeed_familiar,NORMAL,EXPEDITION_LIKE_F3,F3_SKILL_FEED,1038,0,0,0,,0,"{""4"": 1034, ""3"": 4}",{},0,0,0,0,0,,0,,"1-in-20 deterministic hash, cap40/species per execution; repaired partition separately capped; max128 legal combinations; submission skills only, forced submissions fixed; non-sampled/unknown excluded",DESCRIPTIVE_NO_EXACT_HAND_ORACLE
f3_abyss_archivist,NORMAL,CONTROLLED_F3,F3_ARCHIVIST,1598,0,0,0,,0,"{""4"": 1585, ""3"": 7, ""2"": 3, ""1"": 3}",{},0,0,0,0,0,,0,,"1-in-20 deterministic hash, cap40/species per execution; repaired partition separately capped; max128 legal combinations; submission skills only, forced submissions fixed; non-sampled/unknown excluded",DESCRIPTIVE_NO_EXACT_HAND_ORACLE
f3_abyss_archivist,NORMAL,EXPEDITION_LIKE_F3,F3_ARCHIVIST,1070,0,0,0,,0,"{""4"": 1070}",{},0,0,0,0,0,,0,,"1-in-20 deterministic hash, cap40/species per execution; repaired partition separately capped; max128 legal combinations; submission skills only, forced submissions fixed; non-sampled/unknown excluded",DESCRIPTIVE_NO_EXACT_HAND_ORACLE
f3_royal_appraiser,NORMAL,CONTROLLED_F3,F3_APPRAISAL,1758,0,0,0,,0,"{""4"": 1754, ""3"": 3, ""2"": 1}",{},0,0,0,0,0,,0,,"1-in-20 deterministic hash, cap40/species per execution; repaired partition separately capped; max128 legal combinations; submission skills only, forced submissions fixed; non-sampled/unknown excluded",DESCRIPTIVE_NO_EXACT_HAND_ORACLE
f3_royal_appraiser,NORMAL,EXPEDITION_LIKE_F3,F3_APPRAISAL,1147,0,0,0,,0,"{""4"": 1147}",{},0,0,0,0,0,,0,,"1-in-20 deterministic hash, cap40/species per execution; repaired partition separately capped; max128 legal combinations; submission skills only, forced submissions fixed; non-sampled/unknown excluded",DESCRIPTIVE_NO_EXACT_HAND_ORACLE
f3_execution_golem,ELITE,CONTROLLED_F3,F3_EXECUTION,2110,994,513,481,0.5160965794768612,458,"{""4"": 1748, ""3"": 144, ""2"": 105, ""1"": 113}","{""5"": 1748, ""4"": 144, ""3"": 105, ""2"": 113}",25,16,7,2,0,0.30434782608695654,16,,"1-in-20 deterministic hash, cap40/species per execution; repaired partition separately capped; max128 legal combinations; submission skills only, forced submissions fixed; non-sampled/unknown excluded",EXPLICIT_REQUIREMENT
f3_execution_golem,ELITE,EXPEDITION_LIKE_F3,F3_EXECUTION,1725,789,579,210,0.7338403041825095,199,"{""4"": 1355, ""3"": 178, ""2"": 126, ""1"": 66}","{""5"": 1355, ""4"": 178, ""3"": 126, ""2"": 66}",8,2,5,1,0,0.7142857142857143,2,,"1-in-20 deterministic hash, cap40/species per execution; repaired partition separately capped; max128 legal combinations; submission skills only, forced submissions fixed; non-sampled/unknown excluded",EXPLICIT_REQUIREMENT
f3_abyss_auditor,ELITE,CONTROLLED_F3,F3_AUDIT,2361,0,0,0,,0,"{""4"": 2273, ""3"": 50, ""2"": 26, ""1"": 12}",{},0,0,0,0,0,,0,,"1-in-20 deterministic hash, cap40/species per execution; repaired partition separately capped; max128 legal combinations; submission skills only, forced submissions fixed; non-sampled/unknown excluded",DESCRIPTIVE_NO_EXACT_HAND_ORACLE
f3_abyss_auditor,ELITE,EXPEDITION_LIKE_F3,F3_AUDIT,1649,0,0,0,,0,"{""4"": 1574, ""3"": 61, ""2"": 12, ""1"": 2}",{},0,0,0,0,0,,0,,"1-in-20 deterministic hash, cap40/species per execution; repaired partition separately capped; max128 legal combinations; submission skills only, forced submissions fixed; non-sampled/unknown excluded",DESCRIPTIVE_NO_EXACT_HAND_ORACLE
f3_null_choir_priest,ELITE,CONTROLLED_F3,F3_NULL,2641,0,0,0,,0,"{""4"": 2572, ""3"": 27, ""2"": 33, ""1"": 9}",{},0,0,0,0,0,,0,,"1-in-20 deterministic hash, cap40/species per execution; repaired partition separately capped; max128 legal combinations; submission skills only, forced submissions fixed; non-sampled/unknown excluded",DESCRIPTIVE_NO_EXACT_HAND_ORACLE
f3_null_choir_priest,ELITE,EXPEDITION_LIKE_F3,F3_NULL,1804,0,0,0,,0,"{""4"": 1736, ""3"": 50, ""2"": 18}",{},0,0,0,0,0,,0,,"1-in-20 deterministic hash, cap40/species per execution; repaired partition separately capped; max128 legal combinations; submission skills only, forced submissions fixed; non-sampled/unknown excluded",DESCRIPTIVE_NO_EXACT_HAND_ORACLE
f3_abyss_king,BOSS,CONTROLLED_F3,F3_ADAPT,3849,0,0,0,,0,"{""4"": 3062, ""3"": 231, ""2"": 223, ""1"": 333}",{},0,0,0,0,0,,0,,"1-in-20 deterministic hash, cap40/species per execution; repaired partition separately capped; max128 legal combinations; submission skills only, forced submissions fixed; non-sampled/unknown excluded",DESCRIPTIVE_NO_EXACT_HAND_ORACLE
f3_abyss_king,BOSS,EXPEDITION_LIKE_F3,F3_ADAPT,3334,0,0,0,,0,"{""4"": 2406, ""3"": 266, ""2"": 296, ""1"": 366}",{},0,0,0,0,0,,0,,"1-in-20 deterministic hash, cap40/species per execution; repaired partition separately capped; max128 legal combinations; submission skills only, forced submissions fixed; non-sampled/unknown excluded",DESCRIPTIVE_NO_EXACT_HAND_ORACLE
f3_masked_queen,BOSS,CONTROLLED_F3,F3_MASK,3087,0,0,0,,0,"{""4"": 2293, ""3"": 202, ""1"": 391, ""2"": 201}",{},0,0,0,0,0,,0,,"1-in-20 deterministic hash, cap40/species per execution; repaired partition separately capped; max128 legal combinations; submission skills only, forced submissions fixed; non-sampled/unknown excluded",DESCRIPTIVE_NO_EXACT_HAND_ORACLE
f3_masked_queen,BOSS,EXPEDITION_LIKE_F3,F3_MASK,2815,0,0,0,,0,"{""4"": 1637, ""2"": 415, ""1"": 429, ""3"": 334}",{},0,0,0,0,0,,0,,"1-in-20 deterministic hash, cap40/species per execution; repaired partition separately capped; max128 legal combinations; submission skills only, forced submissions fixed; non-sampled/unknown excluded",DESCRIPTIVE_NO_EXACT_HAND_ORACLE
