Scope,RunId,LastMonster,FinalDepth,FinalFlame,FinalHP,HeuristicCauses,CausalProof
FULL_500,E3,f3_abyss_auditor,5,0,"0,0,0,0","FLAME_ATTRITION,ELITE_SPIKE",False
FULL_500,E30,f3_abyss_king,12,0,"0,0,0,0","FLAME_ATTRITION,LONG_COMBAT,BOSS_SPIKE",False
FULL_500,E34,f3_black_choir,10,0,"0,0,0,0",FLAME_ATTRITION,False
FULL_500,E58,f3_abyss_king,12,0,"0,0,0,3","FLAME_ATTRITION,BOSS_SPIKE",False
FULL_500,E94,f3_black_choir,2,0,"0,0,0,0",FLAME_ATTRITION,False
FULL_500,E120,f3_masked_queen,12,0,"0,0,0,0","FLAME_ATTRITION,BOSS_SPIKE",False
FULL_500,E224,f3_black_choir,3,0,"0,0,0,0",FLAME_ATTRITION,False
FULL_500,E270,f3_masked_queen,12,0,"3,3,0,0","FLAME_ATTRITION,BOSS_SPIKE",False
FULL_500,E319,f3_black_choir,1,0,"0,0,0,0","FLAME_ATTRITION,NORMAL_MONSTER_SPIKE",False
FULL_500,E370,f3_abyss_king,12,0,"0,0,3,0","FLAME_ATTRITION,BOSS_SPIKE",False
FULL_500,E404,f3_abyss_king,12,0,"0,2,0,0","FLAME_ATTRITION,LONG_COMBAT,BOSS_SPIKE",False
FULL_500,E449,f3_abyss_duelist,4,0,"0,0,0,0",FLAME_ATTRITION,False
FULL_500,E458,f3_black_choir,5,0,"0,0,0,0",FLAME_ATTRITION,False
FULL_500,E468,f3_black_choir,1,0,"0,0,0,0",FLAME_ATTRITION,False
FULL_500,E471,f3_abyss_king,12,0,"0,0,0,0","FLAME_ATTRITION,BOSS_SPIKE",False
FULL_500,E474,f3_abyss_king,12,0,"3,0,3,0","FLAME_ATTRITION,BOSS_SPIKE",False
FULL_500,E482,f3_black_choir,2,0,"0,0,0,0",FLAME_ATTRITION,False
F3_ONLY_250,E0,f3_masked_queen,12,0,"0,3,0,0","FLAME_ATTRITION,BOSS_SPIKE",False
F3_ONLY_250,E1,f3_greed_mimic,7,0,"0,0,0,0",FLAME_ATTRITION,False
F3_ONLY_250,E5,f3_masked_queen,12,0,"0,0,0,0","FLAME_ATTRITION,BOSS_SPIKE",False
F3_ONLY_250,E7,f3_masked_queen,12,0,"0,0,0,0","FLAME_ATTRITION,LONG_COMBAT,BOSS_SPIKE",False
F3_ONLY_250,E8,f3_masked_queen,12,0,"0,0,0,0","FLAME_ATTRITION,BOSS_SPIKE",False
F3_ONLY_250,E11,f3_black_choir,10,0,"0,0,0,0",FLAME_ATTRITION,False
F3_ONLY_250,E13,f3_abyss_auditor,4,0,"0,0,0,0","FLAME_ATTRITION,ELITE_SPIKE",False
F3_ONLY_250,E14,f3_greed_mimic,8,0,"0,0,0,0",FLAME_ATTRITION,False
F3_ONLY_250,E15,f3_black_choir,8,0,"0,0,0,0",FLAME_ATTRITION,False
F3_ONLY_250,E16,f3_abyss_king,12,0,"0,0,0,0","FLAME_ATTRITION,LONG_COMBAT,BOSS_SPIKE",False
F3_ONLY_250,E17,f3_masked_queen,12,0,"0,0,0,0","FLAME_ATTRITION,LONG_COMBAT,BOSS_SPIKE",False
F3_ONLY_250,E18,f3_masked_queen,12,0,"0,0,0,0","FLAME_ATTRITION,BOSS_SPIKE",False
F3_ONLY_250,E19,f3_greed_mimic,4,0,"0,0,0,0",FLAME_ATTRITION,False
F3_ONLY_250,E22,f3_abyss_king,12,0,"0,0,0,0","FLAME_ATTRITION,LONG_COMBAT,BOSS_SPIKE",False
F3_ONLY_250,E23,f3_abyss_duelist,5,0,"0,0,0,0",FLAME_ATTRITION,False
F3_ONLY_250,E25,f3_masked_queen,12,0,"0,0,3,0","FLAME_ATTRITION,BOSS_SPIKE",False
F3_ONLY_250,E29,f3_black_choir,8,0,"0,0,0,0",FLAME_ATTRITION,False
F3_ONLY_250,E31,f3_masked_queen,12,0,"0,0,0,0","FLAME_ATTRITION,BOSS_SPIKE",False
F3_ONLY_250,E35,f3_abyss_king,12,0,"0,0,0,0","FLAME_ATTRITION,BOSS_SPIKE",False
F3_ONLY_250,E36,f3_abyss_duelist,1,0,"0,0,0,0",FLAME_ATTRITION,False
F3_ONLY_250,E40,f3_black_choir,4,0,"0,0,0,0",FLAME_ATTRITION,False
F3_ONLY_250,E44,f3_black_choir,1,0,"0,0,0,0",FLAME_ATTRITION,False
F3_ONLY_250,E45,f3_masked_queen,12,0,"0,0,0,0","FLAME_ATTRITION,BOSS_SPIKE",False
F3_ONLY_250,E47,f3_black_choir,4,0,"0,0,0,0",FLAME_ATTRITION,False
F3_ONLY_250,E48,f3_execution_golem,9,0,"0,0,0,0","FLAME_ATTRITION,ELITE_SPIKE",False
F3_ONLY_250,E50,f3_masked_queen,12,0,"0,0,0,0","FLAME_ATTRITION,BOSS_SPIKE",False
F3_ONLY_250,E51,f3_abyss_auditor,3,0,"0,0,0,0","FLAME_ATTRITION,ELITE_SPIKE",False
F3_ONLY_250,E54,f3_black_choir,4,0,"0,0,0,0",FLAME_ATTRITION,False
F3_ONLY_250,E55,f3_masked_queen,12,0,"0,0,0,0","FLAME_ATTRITION,BOSS_SPIKE",False
F3_ONLY_250,E56,f3_black_choir,4,0,"0,0,0,0",FLAME_ATTRITION,False
F3_ONLY_250,E58,f3_masked_queen,12,0,"0,0,0,0","FLAME_ATTRITION,BOSS_SPIKE",False
F3_ONLY_250,E60,f3_black_choir,2,0,"0,0,0,0",FLAME_ATTRITION,False
F3_ONLY_250,E65,f3_black_choir,6,0,"0,0,0,0",FLAME_ATTRITION,False
F3_ONLY_250,E68,f3_masked_queen,12,0,"3,0,0,0","FLAME_ATTRITION,LONG_COMBAT,BOSS_SPIKE",False
F3_ONLY_250,E69,f3_black_choir,9,0,"0,0,0,0",FLAME_ATTRITION,False
F3_ONLY_250,E70,f3_black_choir,4,0,"0,0,0,0",FLAME_ATTRITION,False
F3_ONLY_250,E72,f3_black_choir,3,0,"0,0,0,0",FLAME_ATTRITION,False
F3_ONLY_250,E73,f3_execution_golem,8,0,"0,0,0,0","FLAME_ATTRITION,ELITE_SPIKE",False
F3_ONLY_250,E75,f3_black_choir,1,0,"0,0,0,0",FLAME_ATTRITION,False
F3_ONLY_250,E76,f3_abyss_king,12,0,"0,0,0,0","FLAME_ATTRITION,LONG_COMBAT,BOSS_SPIKE",False
F3_ONLY_250,E79,f3_black_choir,5,0,"0,0,0,0",FLAME_ATTRITION,False
F3_ONLY_250,E81,f3_masked_queen,12,0,"0,0,0,0","FLAME_ATTRITION,BOSS_SPIKE",False
F3_ONLY_250,E83,f3_masked_queen,12,0,"0,0,0,0","FLAME_ATTRITION,BOSS_SPIKE",False
F3_ONLY_250,E85,f3_black_choir,4,0,"0,0,0,0",FLAME_ATTRITION,False
F3_ONLY_250,E86,f3_masked_queen,12,0,"0,0,0,0","FLAME_ATTRITION,BOSS_SPIKE",False
F3_ONLY_250,E90,f3_abyss_king,12,0,"0,0,0,0","FLAME_ATTRITION,BOSS_SPIKE",False
F3_ONLY_250,E91,f3_black_choir,1,0,"0,0,0,0",FLAME_ATTRITION,False
F3_ONLY_250,E93,f3_abyss_auditor,5,0,"0,0,0,0","FLAME_ATTRITION,ELITE_SPIKE",False
F3_ONLY_250,E94,f3_black_choir,2,0,"0,0,0,0",FLAME_ATTRITION,False
F3_ONLY_250,E95,f3_black_choir,3,0,"0,0,0,0",FLAME_ATTRITION,False
F3_ONLY_250,E97,f3_black_choir,3,0,"0,0,0,0",FLAME_ATTRITION,False
F3_ONLY_250,E98,f3_abyss_king,12,0,"0,0,3,0","FLAME_ATTRITION,BOSS_SPIKE",False
F3_ONLY_250,E100,f3_masked_queen,12,0,"0,0,0,0","FLAME_ATTRITION,BOSS_SPIKE",False
F3_ONLY_250,E101,f3_black_choir,2,0,"0,0,0,0",FLAME_ATTRITION,False
F3_ONLY_250,E102,f3_black_choir,4,0,"0,0,0,0",FLAME_ATTRITION,False
F3_ONLY_250,E105,f3_black_choir,5,0,"0,0,0,0",FLAME_ATTRITION,False
F3_ONLY_250,E107,f3_black_choir,3,0,"0,0,0,0",FLAME_ATTRITION,False
F3_ONLY_250,E108,f3_masked_queen,12,0,"0,0,0,0","FLAME_ATTRITION,BOSS_SPIKE",False
F3_ONLY_250,E109,f3_black_choir,8,0,"0,0,0,0","FLAME_ATTRITION,NORMAL_MONSTER_SPIKE",False
F3_ONLY_250,E111,f3_masked_queen,12,0,"0,0,0,0","FLAME_ATTRITION,BOSS_SPIKE",False
F3_ONLY_250,E113,f3_abyss_auditor,4,0,"0,0,0,0","FLAME_ATTRITION,ELITE_SPIKE",False
F3_ONLY_250,E114,f3_abyss_king,12,0,"0,0,0,0","FLAME_ATTRITION,BOSS_SPIKE",False
F3_ONLY_250,E115,f3_black_choir,3,0,"0,0,0,0",FLAME_ATTRITION,False
F3_ONLY_250,E116,f3_abyss_king,12,0,"0,2,0,0","FLAME_ATTRITION,LONG_COMBAT,BOSS_SPIKE",False
F3_ONLY_250,E117,f3_masked_queen,12,0,"0,0,0,0","FLAME_ATTRITION,BOSS_SPIKE",False
F3_ONLY_250,E118,f3_abyss_duelist,4,0,"0,0,0,0",FLAME_ATTRITION,False
F3_ONLY_250,E119,f3_black_choir,5,0,"0,0,0,0",FLAME_ATTRITION,False
F3_ONLY_250,E120,f3_masked_queen,12,0,"0,0,0,0","FLAME_ATTRITION,BOSS_SPIKE",False
F3_ONLY_250,E122,f3_black_choir,2,0,"0,0,0,0",FLAME_ATTRITION,False
F3_ONLY_250,E126,f3_abyss_duelist,1,0,"0,0,0,0",FLAME_ATTRITION,False
F3_ONLY_250,E127,f3_black_choir,4,0,"0,0,0,0",FLAME_ATTRITION,False
F3_ONLY_250,E129,f3_black_choir,8,0,"0,0,0,0",FLAME_ATTRITION,False
F3_ONLY_250,E131,f3_masked_queen,12,0,"0,0,0,0","FLAME_ATTRITION,BOSS_SPIKE",False
F3_ONLY_250,E135,f3_execution_golem,5,0,"0,0,0,0","FLAME_ATTRITION,ELITE_SPIKE",False
F3_ONLY_250,E136,f3_abyss_duelist,4,0,"0,0,0,0",FLAME_ATTRITION,False
F3_ONLY_250,E138,f3_black_choir,8,0,"0,0,0,0",FLAME_ATTRITION,False
F3_ONLY_250,E139,f3_abyss_duelist,10,0,"0,0,0,0",FLAME_ATTRITION,False
F3_ONLY_250,E140,f3_black_choir,6,0,"0,0,0,0",FLAME_ATTRITION,False
F3_ONLY_250,E141,f3_abyss_king,12,0,"0,0,0,0","FLAME_ATTRITION,LONG_COMBAT,BOSS_SPIKE",False
F3_ONLY_250,E142,f3_black_choir,6,0,"0,0,0,0",FLAME_ATTRITION,False
F3_ONLY_250,E143,f3_masked_queen,12,0,"0,0,0,0","FLAME_ATTRITION,BOSS_SPIKE",False
F3_ONLY_250,E144,f3_black_choir,1,0,"0,0,0,0",FLAME_ATTRITION,False
F3_ONLY_250,E145,f3_black_choir,1,0,"0,0,0,0",FLAME_ATTRITION,False
F3_ONLY_250,E147,f3_black_choir,2,0,"0,0,0,0",FLAME_ATTRITION,False
F3_ONLY_250,E151,f3_abyss_auditor,7,0,"0,0,0,0","FLAME_ATTRITION,ELITE_SPIKE",False
F3_ONLY_250,E155,f3_black_choir,5,0,"0,0,0,0",FLAME_ATTRITION,False
F3_ONLY_250,E160,f3_abyss_king,12,0,"0,0,0,0","FLAME_ATTRITION,BOSS_SPIKE",False
F3_ONLY_250,E161,f3_abyss_duelist,1,0,"0,0,0,0",FLAME_ATTRITION,False
F3_ONLY_250,E164,f3_black_choir,9,0,"0,0,0,0",FLAME_ATTRITION,False
F3_ONLY_250,E165,f3_black_choir,2,0,"0,0,0,0",FLAME_ATTRITION,False
F3_ONLY_250,E166,f3_abyss_king,12,0,"0,0,0,0","FLAME_ATTRITION,LONG_COMBAT,BOSS_SPIKE",False
F3_ONLY_250,E168,f3_masked_queen,12,0,"0,0,0,0","FLAME_ATTRITION,BOSS_SPIKE",False
F3_ONLY_250,E169,f3_black_choir,2,0,"0,0,0,0",FLAME_ATTRITION,False
F3_ONLY_250,E170,f3_black_choir,4,0,"0,0,0,0",FLAME_ATTRITION,False
F3_ONLY_250,E172,f3_abyss_auditor,9,0,"0,0,0,0","FLAME_ATTRITION,ELITE_SPIKE",False
F3_ONLY_250,E173,f3_black_choir,1,0,"0,0,0,0",FLAME_ATTRITION,False
F3_ONLY_250,E175,f3_black_choir,1,0,"0,0,0,0",FLAME_ATTRITION,False
F3_ONLY_250,E176,f3_black_choir,10,0,"0,0,0,0",FLAME_ATTRITION,False
F3_ONLY_250,E179,f3_greed_mimic,3,0,"0,0,0,0",FLAME_ATTRITION,False
F3_ONLY_250,E180,f3_masked_queen,12,0,"0,0,0,0","FLAME_ATTRITION,BOSS_SPIKE",False
F3_ONLY_250,E185,f3_black_choir,3,0,"0,0,0,0",FLAME_ATTRITION,False
F3_ONLY_250,E186,f3_masked_queen,12,0,"0,0,0,3","FLAME_ATTRITION,BOSS_SPIKE",False
F3_ONLY_250,E187,f3_black_choir,10,0,"0,0,0,0","FLAME_ATTRITION,NORMAL_MONSTER_SPIKE",False
F3_ONLY_250,E190,f3_black_choir,4,0,"0,0,0,0",FLAME_ATTRITION,False
F3_ONLY_250,E191,f3_abyss_king,12,0,"0,0,0,0","FLAME_ATTRITION,LONG_COMBAT,BOSS_SPIKE",False
F3_ONLY_250,E193,f3_abyss_auditor,5,0,"0,0,0,0","FLAME_ATTRITION,ELITE_SPIKE",False
F3_ONLY_250,E194,f3_black_choir,2,0,"0,0,0,0",FLAME_ATTRITION,False
F3_ONLY_250,E195,f3_masked_queen,12,0,"0,0,0,0","FLAME_ATTRITION,BOSS_SPIKE",False
F3_ONLY_250,E197,f3_black_choir,1,0,"0,0,0,0",FLAME_ATTRITION,False
F3_ONLY_250,E198,f3_abyss_king,12,0,"0,0,3,0","FLAME_ATTRITION,BOSS_SPIKE",False
F3_ONLY_250,E200,f3_masked_queen,12,0,"0,0,0,0","FLAME_ATTRITION,BOSS_SPIKE",False
F3_ONLY_250,E201,f3_abyss_duelist,1,0,"0,0,0,0",FLAME_ATTRITION,False
F3_ONLY_250,E205,f3_black_choir,3,0,"0,0,0,0",FLAME_ATTRITION,False
F3_ONLY_250,E207,f3_black_choir,2,0,"0,0,0,0",FLAME_ATTRITION,False
F3_ONLY_250,E208,f3_masked_queen,12,0,"0,0,0,0","FLAME_ATTRITION,BOSS_SPIKE",False
F3_ONLY_250,E209,f3_masked_queen,12,0,"0,0,0,0","FLAME_ATTRITION,BOSS_SPIKE",False
F3_ONLY_250,E210,f3_abyss_king,12,0,"0,0,0,0","FLAME_ATTRITION,LONG_COMBAT,BOSS_SPIKE",False
F3_ONLY_250,E211,f3_black_choir,3,0,"0,0,0,0",FLAME_ATTRITION,False
F3_ONLY_250,E214,f3_black_choir,10,0,"0,0,0,0",FLAME_ATTRITION,False
F3_ONLY_250,E215,f3_black_choir,3,0,"0,0,0,0",FLAME_ATTRITION,False
F3_ONLY_250,E216,f3_abyss_duelist,1,0,"0,0,0,0",FLAME_ATTRITION,False
F3_ONLY_250,E217,f3_masked_queen,12,0,"0,0,0,0","FLAME_ATTRITION,BOSS_SPIKE",False
F3_ONLY_250,E218,f3_masked_queen,12,0,"0,0,0,0","FLAME_ATTRITION,BOSS_SPIKE",False
F3_ONLY_250,E219,f3_abyss_duelist,2,0,"0,0,0,0",FLAME_ATTRITION,False
F3_ONLY_250,E220,f3_black_choir,1,0,"0,0,0,0",FLAME_ATTRITION,False
F3_ONLY_250,E222,f3_abyss_king,12,0,"3,0,0,0","FLAME_ATTRITION,BOSS_SPIKE",False
F3_ONLY_250,E223,f3_black_choir,1,0,"0,0,0,0",FLAME_ATTRITION,False
F3_ONLY_250,E225,f3_black_choir,1,0,"0,0,0,0",FLAME_ATTRITION,False
F3_ONLY_250,E226,f3_black_choir,2,0,"0,0,0,0",FLAME_ATTRITION,False
F3_ONLY_250,E229,f3_abyss_king,12,0,"0,0,0,0","FLAME_ATTRITION,LONG_COMBAT,BOSS_SPIKE",False
F3_ONLY_250,E233,f3_masked_queen,12,0,"0,0,0,0","FLAME_ATTRITION,BOSS_SPIKE",False
F3_ONLY_250,E235,f3_abyss_duelist,3,0,"0,0,0,0",FLAME_ATTRITION,False
F3_ONLY_250,E236,f3_masked_queen,12,0,"0,3,0,0","FLAME_ATTRITION,BOSS_SPIKE",False
F3_ONLY_250,E239,f3_black_choir,9,0,"0,0,0,0",FLAME_ATTRITION,False
F3_ONLY_250,E241,f3_abyss_king,12,0,"0,0,0,0","FLAME_ATTRITION,BOSS_SPIKE",False
F3_ONLY_250,E242,f3_masked_queen,12,0,"0,0,0,0","FLAME_ATTRITION,BOSS_SPIKE",False
F3_ONLY_250,E243,f3_masked_queen,12,0,"0,0,0,0","FLAME_ATTRITION,LONG_COMBAT,BOSS_SPIKE",False
F3_ONLY_250,E244,f3_abyss_duelist,1,0,"0,0,0,0",FLAME_ATTRITION,False
F3_ONLY_250,E245,f3_black_choir,10,0,"0,0,0,0",FLAME_ATTRITION,False
F3_ONLY_250,E247,f3_black_choir,1,0,"0,0,0,0",FLAME_ATTRITION,False
F3_ONLY_250,E248,f3_black_choir,1,0,"0,0,0,0",FLAME_ATTRITION,False
