Scope,Gate,Count,RateOfStart,ConditionalF3EntryRate,RouteEvidence
FULL_500,START,500,1.0,,REST: deterministic replay of recorded real map and unchanged route-selection rule; combat gates: observed encounters
FULL_500,F1_EARLY_SURVIVE,484,0.968,,REST: deterministic replay of recorded real map and unchanged route-selection rule; combat gates: observed encounters
FULL_500,F1_BOSS_REACH,192,0.384,,REST: deterministic replay of recorded real map and unchanged route-selection rule; combat gates: observed encounters
FULL_500,F1_CLEAR,153,0.306,,REST: deterministic replay of recorded real map and unchanged route-selection rule; combat gates: observed encounters
FULL_500,F2_BOSS_REACH,51,0.102,,REST: deterministic replay of recorded real map and unchanged route-selection rule; combat gates: observed encounters
FULL_500,F2_CLEAR,25,0.05,,REST: deterministic replay of recorded real map and unchanged route-selection rule; combat gates: observed encounters
FULL_500,F3_ENTER,25,0.05,1.0,REST: deterministic replay of recorded real map and unchanged route-selection rule; combat gates: observed encounters
FULL_500,F3_FIRST_COMBAT_CLEAR,23,0.046,0.92,REST: deterministic replay of recorded real map and unchanged route-selection rule; combat gates: observed encounters
FULL_500,F3_ELITE_ENCOUNTERED,6,0.012,0.24,REST: deterministic replay of recorded real map and unchanged route-selection rule; combat gates: observed encounters
FULL_500,F3_FIRST3_SURVIVE,17,0.034,0.68,REST: deterministic replay of recorded real map and unchanged route-selection rule; combat gates: observed encounters
FULL_500,F3_REST_REACH,16,0.032,0.64,REST: deterministic replay of recorded real map and unchanged route-selection rule; combat gates: observed encounters
FULL_500,F3_BOSS_REACH,16,0.032,0.64,REST: deterministic replay of recorded real map and unchanged route-selection rule; combat gates: observed encounters
FULL_500,F3_ELITE_CLEAR,5,0.01,0.2,REST: deterministic replay of recorded real map and unchanged route-selection rule; combat gates: observed encounters
FULL_500,F3_BOSS_CLEAR,8,0.016,0.32,REST: deterministic replay of recorded real map and unchanged route-selection rule; combat gates: observed encounters
FULL_500,RUN_CLEAR,8,0.016,0.32,REST: deterministic replay of recorded real map and unchanged route-selection rule; combat gates: observed encounters
F3_ONLY_250,START,250,1.0,,REST: deterministic replay of recorded real map and unchanged route-selection rule; combat gates: observed encounters
F3_ONLY_250,F1_CLEAR,250,1.0,,REST: deterministic replay of recorded real map and unchanged route-selection rule; combat gates: observed encounters
F3_ONLY_250,F2_CLEAR,250,1.0,,REST: deterministic replay of recorded real map and unchanged route-selection rule; combat gates: observed encounters
F3_ONLY_250,F3_ENTER,250,1.0,1.0,REST: deterministic replay of recorded real map and unchanged route-selection rule; combat gates: observed encounters
F3_ONLY_250,F3_FIRST_COMBAT_CLEAR,231,0.924,0.924,REST: deterministic replay of recorded real map and unchanged route-selection rule; combat gates: observed encounters
F3_ONLY_250,F3_REST_REACH,162,0.648,0.648,REST: deterministic replay of recorded real map and unchanged route-selection rule; combat gates: observed encounters
F3_ONLY_250,F3_BOSS_REACH,162,0.648,0.648,REST: deterministic replay of recorded real map and unchanged route-selection rule; combat gates: observed encounters
F3_ONLY_250,F3_FIRST3_SURVIVE,182,0.728,0.728,REST: deterministic replay of recorded real map and unchanged route-selection rule; combat gates: observed encounters
F3_ONLY_250,F3_ELITE_ENCOUNTERED,118,0.472,0.472,REST: deterministic replay of recorded real map and unchanged route-selection rule; combat gates: observed encounters
F3_ONLY_250,F3_ELITE_CLEAR,110,0.44,0.44,REST: deterministic replay of recorded real map and unchanged route-selection rule; combat gates: observed encounters
F3_ONLY_250,F3_BOSS_CLEAR,109,0.436,0.436,REST: deterministic replay of recorded real map and unchanged route-selection rule; combat gates: observed encounters
F3_ONLY_250,RUN_CLEAR,109,0.436,0.436,REST: deterministic replay of recorded real map and unchanged route-selection rule; combat gates: observed encounters
