MonsterId,Name,Tier,Cohort,HP,Mechanic,BaseAction,CadenceDelay,AdaptiveRule,Samples,ClearRate,WipeRate,MeanTurns,MeanPartyDamage,MeanDamageTaken,MeanDowns,DamagePer10Turns,DownsPer10Turns,TurnCaps,Exceptions,MeanFlameSpent,PatternDamagePer10Turns,BaseDamagePer10Turns,WipeRateRankWithinTier,DamagePer10TurnsRankWithinTier,DownsPer10TurnsRankWithinTier,MeanTurnsRankWithinTier,ClearRateRankWithinTier,TierMedian,WipeDeltaPP,Damage10MedianRatio,TurnsMedianRatio,Classification,SevereOutlier,Warning
f3_greed_mimic,탐욕의 미믹,NORMAL,CONTROLLED_F3,145,F3_GREED,"[{""type"": ""CHARGE"", ""telegraphText"": ""탐욕의 입을 연다"", ""payload"": {}}, {""type"": ""DIRECT_DAMAGE"", ""telegraphText"": ""한 명을 공격한다"", ""payload"": {""target"": ""RANDOM_LIVING"", ""amount"": 1}}]",1,{},100,0.96,0.04,14.99,150.49,7.35,2.41,4.903268845897265,1.6077384923282187,0,0,2.02,3.002001334222815,1.9012675116744497,3,3,3,5,3,"{""WipeRate"": 0.01, ""DamagePer10Turns"": 2.6880313930673645, ""DownsPer10Turns"": 0.5493786788750817, ""MeanTurns"": 15.29, ""ClearRate"": 0.99}",3.0,1.8241114514299068,0.9803793328973186,PATTERN_PROBLEM,False,
f3_greed_mimic,탐욕의 미믹,NORMAL,EXPEDITION_LIKE_F3,145,F3_GREED,"[{""type"": ""CHARGE"", ""telegraphText"": ""탐욕의 입을 연다"", ""payload"": {}}, {""type"": ""DIRECT_DAMAGE"", ""telegraphText"": ""한 명을 공격한다"", ""payload"": {""target"": ""RANDOM_LIVING"", ""amount"": 1}}]",1,{},100,1,0,10.76,152.99,3.57,0.99,3.3178438661710037,0.9200743494423792,0,0,0.63,1.8773234200743494,1.4405204460966543,3,3,3,2,3,"{""WipeRate"": 0, ""DamagePer10Turns"": 1.6184971098265897, ""DownsPer10Turns"": 0.279383429672447, ""MeanTurns"": 10.63, ""ClearRate"": 1}",0,2.0499535315985127,1.0122295390404514,PATTERN_PROBLEM,False,
f3_royal_tax_collector,왕실 세금징수관,NORMAL,CONTROLLED_F3,145,F3_TAX,"[{""type"": ""CHARGE"", ""telegraphText"": ""세금 조건을 제시한다"", ""payload"": {}}, {""type"": ""DIRECT_DAMAGE"", ""telegraphText"": ""한 명을 공격한다"", ""payload"": {""target"": ""RANDOM_LIVING"", ""amount"": 1}}]",1,"{""type"": ""PARTY_SUM_OR_DAMAGE_REQUIREMENT"", ""field"": ""requiredSum"", ""baseContributors"": 4}",100,1,0,15.8,152.73,2.55,0.51,1.6139240506329113,0.3227848101265823,0,0,0.46,0.0,1.6139240506329113,6,7,5,3,6,"{""WipeRate"": 0.01, ""DamagePer10Turns"": 2.6880313930673645, ""DownsPer10Turns"": 0.5493786788750817, ""MeanTurns"": 15.29, ""ClearRate"": 0.99}",-1.0,0.600411161415504,1.0333551340745586,TOO_EASY,False,
f3_royal_tax_collector,왕실 세금징수관,NORMAL,EXPEDITION_LIKE_F3,145,F3_TAX,"[{""type"": ""CHARGE"", ""telegraphText"": ""세금 조건을 제시한다"", ""payload"": {}}, {""type"": ""DIRECT_DAMAGE"", ""telegraphText"": ""한 명을 공격한다"", ""payload"": {""target"": ""RANDOM_LIVING"", ""amount"": 1}}]",1,"{""type"": ""PARTY_SUM_OR_DAMAGE_REQUIREMENT"", ""field"": ""requiredSum"", ""baseContributors"": 4}",100,1,0,10.29,152.38,0.82,0.1,0.7968901846452867,0.09718172983479106,0,0,0.1,0.0,0.7968901846452867,3,7,7,6,3,"{""WipeRate"": 0, ""DamagePer10Turns"": 1.6184971098265897, ""DownsPer10Turns"": 0.279383429672447, ""MeanTurns"": 10.63, ""ClearRate"": 1}",0,0.49236429265583787,0.9680150517403573,TOO_EASY,False,
f3_abyss_duelist,심연의 결투가,NORMAL,CONTROLLED_F3,145,F3_DUEL,"[{""type"": ""CHARGE"", ""telegraphText"": ""결투 상대를 지목한다"", ""payload"": {}}, {""type"": ""DIRECT_DAMAGE"", ""telegraphText"": ""한 명을 공격한다"", ""payload"": {""target"": ""RANDOM_LIVING"", ""amount"": 1}}]",1,{},100,0.79,0.21,14.58,144.63,10.6,4.12,7.270233196159122,2.825788751714678,0,0,2.86,5.096021947873799,2.174211248285322,2,2,2,6,2,"{""WipeRate"": 0.01, ""DamagePer10Turns"": 2.6880313930673645, ""DownsPer10Turns"": 0.5493786788750817, ""MeanTurns"": 15.29, ""ClearRate"": 0.99}",20.0,2.7046682620261064,0.9535644211903205,"TOO_HARD,PATTERN_PROBLEM",False,
f3_abyss_duelist,심연의 결투가,NORMAL,EXPEDITION_LIKE_F3,145,F3_DUEL,"[{""type"": ""CHARGE"", ""telegraphText"": ""결투 상대를 지목한다"", ""payload"": {}}, {""type"": ""DIRECT_DAMAGE"", ""telegraphText"": ""한 명을 공격한다"", ""payload"": {""target"": ""RANDOM_LIVING"", ""amount"": 1}}]",1,{},100,0.97,0.03,10.63,151.27,5.25,1.61,4.938852304797742,1.5145813734713076,0,0,0.8,3.339604891815616,1.5992474129821261,2,2,2,4,2,"{""WipeRate"": 0, ""DamagePer10Turns"": 1.6184971098265897, ""DownsPer10Turns"": 0.279383429672447, ""MeanTurns"": 10.63, ""ClearRate"": 1}",3.0,3.0515051740357477,1.0,PATTERN_PROBLEM,False,
f3_black_choir,검은 성가대,NORMAL,CONTROLLED_F3,145,F3_CHOIR,"[{""type"": ""CHARGE"", ""telegraphText"": ""세 음의 화음을 기다린다"", ""payload"": {}}, {""type"": ""DIRECT_DAMAGE"", ""telegraphText"": ""한 명을 공격한다"", ""payload"": {""target"": ""RANDOM_LIVING"", ""amount"": 1}}]",1,"{""type"": ""DISTINCT_COUNT_REQUIREMENT"", ""field"": ""requiredDistinct"", ""baseContributors"": 4, ""table"": {""1"": 1, ""2"": 2, ""3"": 3, ""4"": 3}}",100,0.15,0.85,9.39,86.67,16.39,7.65,17.454739084132054,8.146964856230031,0,0,3.94,14.941427050053248,2.5133120340788073,1,1,1,7,1,"{""WipeRate"": 0.01, ""DamagePer10Turns"": 2.6880313930673645, ""DownsPer10Turns"": 0.5493786788750817, ""MeanTurns"": 15.29, ""ClearRate"": 0.99}",84.0,6.493502690909467,0.6141268803139307,"TOO_HARD,PATTERN_PROBLEM",True,
f3_black_choir,검은 성가대,NORMAL,EXPEDITION_LIKE_F3,145,F3_CHOIR,"[{""type"": ""CHARGE"", ""telegraphText"": ""세 음의 화음을 기다린다"", ""payload"": {}}, {""type"": ""DIRECT_DAMAGE"", ""telegraphText"": ""한 명을 공격한다"", ""payload"": {""target"": ""RANDOM_LIVING"", ""amount"": 1}}]",1,"{""type"": ""DISTINCT_COUNT_REQUIREMENT"", ""field"": ""requiredDistinct"", ""baseContributors"": 4, ""table"": {""1"": 1, ""2"": 2, ""3"": 3, ""4"": 3}}",100,0.58,0.42,10.25,127.65,9.63,3.7,9.395121951219512,3.6097560975609757,0,0,1.2,7.297560975609756,2.097560975609756,1,1,1,7,1,"{""WipeRate"": 0, ""DamagePer10Turns"": 1.6184971098265897, ""DownsPer10Turns"": 0.279383429672447, ""MeanTurns"": 10.63, ""ClearRate"": 1}",42.0,5.804843205574913,0.9642521166509876,"TOO_HARD,PATTERN_PROBLEM",True,
f3_skillfeed_familiar,기술먹이 사역마,NORMAL,CONTROLLED_F3,145,F3_SKILL_FEED,"[{""type"": ""CHARGE"", ""telegraphText"": ""활성 기술의 흔적을 먹는다"", ""payload"": {}}, {""type"": ""DIRECT_DAMAGE"", ""telegraphText"": ""한 명을 공격한다"", ""payload"": {""target"": ""RANDOM_LIVING"", ""amount"": 1}}]",1,{},100,0.99,0.01,15.29,151.54,4.11,0.84,2.6880313930673645,0.5493786788750817,0,0,0.77,0.0,2.6880313930673645,4,4,4,4,4,"{""WipeRate"": 0.01, ""DamagePer10Turns"": 2.6880313930673645, ""DownsPer10Turns"": 0.5493786788750817, ""MeanTurns"": 15.29, ""ClearRate"": 0.99}",0.0,1.0,1.0,HEALTHY,False,
f3_skillfeed_familiar,기술먹이 사역마,NORMAL,EXPEDITION_LIKE_F3,145,F3_SKILL_FEED,"[{""type"": ""CHARGE"", ""telegraphText"": ""활성 기술의 흔적을 먹는다"", ""payload"": {}}, {""type"": ""DIRECT_DAMAGE"", ""telegraphText"": ""한 명을 공격한다"", ""payload"": {""target"": ""RANDOM_LIVING"", ""amount"": 1}}]",1,{},100,1,0,10.38,152.78,1.68,0.29,1.6184971098265897,0.279383429672447,0,0,0.25,0.0,1.6184971098265897,3,4,4,5,3,"{""WipeRate"": 0, ""DamagePer10Turns"": 1.6184971098265897, ""DownsPer10Turns"": 0.279383429672447, ""MeanTurns"": 10.63, ""ClearRate"": 1}",0,1.0,0.9764816556914393,HEALTHY,False,
f3_abyss_archivist,심연의 기록관,NORMAL,CONTROLLED_F3,145,F3_ARCHIVIST,"[{""type"": ""CHARGE"", ""telegraphText"": ""숫자를 기록한다"", ""payload"": {}}, {""type"": ""DIRECT_DAMAGE"", ""telegraphText"": ""한 명을 공격한다"", ""payload"": {""target"": ""RANDOM_LIVING"", ""amount"": 1}}]",1,{},100,0.99,0.01,15.98,150.6,2.72,0.49,1.702127659574468,0.30663329161451813,0,0,0.44,0.0,1.702127659574468,4,5,7,2,4,"{""WipeRate"": 0.01, ""DamagePer10Turns"": 2.6880313930673645, ""DownsPer10Turns"": 0.5493786788750817, ""MeanTurns"": 15.29, ""ClearRate"": 0.99}",0.0,0.6332246208003313,1.0451275343361675,TOO_EASY,False,
f3_abyss_archivist,심연의 기록관,NORMAL,EXPEDITION_LIKE_F3,145,F3_ARCHIVIST,"[{""type"": ""CHARGE"", ""telegraphText"": ""숫자를 기록한다"", ""payload"": {}}, {""type"": ""DIRECT_DAMAGE"", ""telegraphText"": ""한 명을 공격한다"", ""payload"": {""target"": ""RANDOM_LIVING"", ""amount"": 1}}]",1,{},100,1,0,10.7,152.83,0.96,0.16,0.897196261682243,0.14953271028037382,0,0,0.15,0.0,0.897196261682243,3,6,5,3,3,"{""WipeRate"": 0, ""DamagePer10Turns"": 1.6184971098265897, ""DownsPer10Turns"": 0.279383429672447, ""MeanTurns"": 10.63, ""ClearRate"": 1}",0,0.5543391188251001,1.006585136406397,TOO_EASY,False,
f3_royal_appraiser,왕실 감정관,NORMAL,CONTROLLED_F3,145,F3_APPRAISAL,"[{""type"": ""CHARGE"", ""telegraphText"": ""숫자의 가치를 감정한다"", ""payload"": {}}, {""type"": ""DIRECT_DAMAGE"", ""telegraphText"": ""한 명을 공격한다"", ""payload"": {""target"": ""RANDOM_LIVING"", ""amount"": 1}}]",1,{},100,1,0,17.58,151.78,2.97,0.54,1.689419795221843,0.30716723549488056,0,0,0.52,0.0,1.689419795221843,6,6,6,1,6,"{""WipeRate"": 0.01, ""DamagePer10Turns"": 2.6880313930673645, ""DownsPer10Turns"": 0.5493786788750817, ""MeanTurns"": 15.29, ""ClearRate"": 0.99}",-1.0,0.6284970479061308,1.1497710922171354,TOO_EASY,False,
f3_royal_appraiser,왕실 감정관,NORMAL,EXPEDITION_LIKE_F3,145,F3_APPRAISAL,"[{""type"": ""CHARGE"", ""telegraphText"": ""숫자의 가치를 감정한다"", ""payload"": {}}, {""type"": ""DIRECT_DAMAGE"", ""telegraphText"": ""한 명을 공격한다"", ""payload"": {""target"": ""RANDOM_LIVING"", ""amount"": 1}}]",1,{},100,1,0,11.47,154.55,1.1,0.16,0.9590235396687009,0.13949433304272013,0,0,0.16,0.0,0.9590235396687009,3,5,6,1,3,"{""WipeRate"": 0, ""DamagePer10Turns"": 1.6184971098265897, ""DownsPer10Turns"": 0.279383429672447, ""MeanTurns"": 10.63, ""ClearRate"": 1}",0,0.5925395441524474,1.0790216368767638,TOO_EASY,False,
f3_execution_golem,처형 골렘,ELITE,CONTROLLED_F3,230,F3_EXECUTION,"[{""type"": ""CHARGE"", ""telegraphText"": ""처형 대상을 겨눈다"", ""payload"": {}}, {""type"": ""DIRECT_DAMAGE"", ""telegraphText"": ""한 명을 공격한다"", ""payload"": {""target"": ""RANDOM_LIVING"", ""amount"": 1}}]",1,"{""type"": ""WINDOW_HIT_REQUIREMENT"", ""field"": ""requiredHits"", ""baseContributors"": 4}",100,0.78,0.22,21.1,219.02,11.87,4.27,5.625592417061611,2.023696682464455,0,0,2.95,3.5118483412322274,2.1137440758293837,1,1,1,3,1,"{""WipeRate"": 0.03, ""DamagePer10Turns"": 2.5116476069462093, ""DownsPer10Turns"": 0.7581533248623464, ""MeanTurns"": 23.61, ""ClearRate"": 0.97}",19.0,2.239801635190972,0.8936891147818722,"TOO_HARD,PATTERN_PROBLEM",False,
f3_execution_golem,처형 골렘,ELITE,EXPEDITION_LIKE_F3,230,F3_EXECUTION,"[{""type"": ""CHARGE"", ""telegraphText"": ""처형 대상을 겨눈다"", ""payload"": {}}, {""type"": ""DIRECT_DAMAGE"", ""telegraphText"": ""한 명을 공격한다"", ""payload"": {""target"": ""RANDOM_LIVING"", ""amount"": 1}}]",1,"{""type"": ""WINDOW_HIT_REQUIREMENT"", ""field"": ""requiredHits"", ""baseContributors"": 4}",100,0.96,0.04,17.25,236.23,5.08,1.48,2.944927536231884,0.8579710144927536,0,0,0.66,1.489855072463768,1.4550724637681158,1,1,1,2,1,"{""WipeRate"": 0, ""DamagePer10Turns"": 1.6373559733171619, ""DownsPer10Turns"": 0.40024257125530627, ""MeanTurns"": 17.25, ""ClearRate"": 1}",4.0,1.7985872249060655,1.0,HEALTHY,False,
f3_abyss_auditor,심연의 감사관,ELITE,CONTROLLED_F3,230,F3_AUDIT,"[{""type"": ""CHARGE"", ""telegraphText"": ""유효 인원을 감사한다"", ""payload"": {}}, {""type"": ""DIRECT_DAMAGE"", ""telegraphText"": ""한 명을 공격한다"", ""payload"": {""target"": ""RANDOM_LIVING"", ""amount"": 1}}]",1,{},100,0.97,0.03,23.61,235.75,5.93,1.79,2.5116476069462093,0.7581533248623464,0,0,1.52,0.6480304955527318,1.8636171113934774,2,2,2,2,2,"{""WipeRate"": 0.03, ""DamagePer10Turns"": 2.5116476069462093, ""DownsPer10Turns"": 0.7581533248623464, ""MeanTurns"": 23.61, ""ClearRate"": 0.97}",0.0,1.0,1.0,HEALTHY,False,
f3_abyss_auditor,심연의 감사관,ELITE,EXPEDITION_LIKE_F3,230,F3_AUDIT,"[{""type"": ""CHARGE"", ""telegraphText"": ""유효 인원을 감사한다"", ""payload"": {}}, {""type"": ""DIRECT_DAMAGE"", ""telegraphText"": ""한 명을 공격한다"", ""payload"": {""target"": ""RANDOM_LIVING"", ""amount"": 1}}]",1,{},100,1,0,16.49,238.12,2.7,0.66,1.6373559733171619,0.40024257125530627,0,0,0.45,0.43056397816858705,1.2067919951485748,2,2,2,3,2,"{""WipeRate"": 0, ""DamagePer10Turns"": 1.6373559733171619, ""DownsPer10Turns"": 0.40024257125530627, ""MeanTurns"": 17.25, ""ClearRate"": 1}",0,1.0,0.9559420289855072,HEALTHY,False,
f3_null_choir_priest,무효의 종사제,ELITE,CONTROLLED_F3,230,F3_NULL,"[{""type"": ""CHARGE"", ""telegraphText"": ""약화 조건을 선고한다"", ""payload"": {}}, {""type"": ""DIRECT_DAMAGE"", ""telegraphText"": ""한 명을 공격한다"", ""payload"": {""target"": ""RANDOM_LIVING"", ""amount"": 1}}]",1,{},100,0.98,0.02,26.41,236.25,4.95,1.52,1.8742900416508899,0.5755395683453237,0,0,1.33,0.0,1.8742900416508899,3,3,3,1,3,"{""WipeRate"": 0.03, ""DamagePer10Turns"": 2.5116476069462093, ""DownsPer10Turns"": 0.7581533248623464, ""MeanTurns"": 23.61, ""ClearRate"": 0.97}",-0.9999999999999999,0.7462392560434656,1.118593816179585,TOO_EASY,False,
f3_null_choir_priest,무효의 종사제,ELITE,EXPEDITION_LIKE_F3,230,F3_NULL,"[{""type"": ""CHARGE"", ""telegraphText"": ""약화 조건을 선고한다"", ""payload"": {}}, {""type"": ""DIRECT_DAMAGE"", ""telegraphText"": ""한 명을 공격한다"", ""payload"": {""target"": ""RANDOM_LIVING"", ""amount"": 1}}]",1,{},100,1,0,18.04,237.6,2.17,0.4,1.2028824833702882,0.22172949002217296,0,0,0.3,0.0,1.2028824833702882,2,3,3,1,2,"{""WipeRate"": 0, ""DamagePer10Turns"": 1.6373559733171619, ""DownsPer10Turns"": 0.40024257125530627, ""MeanTurns"": 17.25, ""ClearRate"": 1}",0,0.7346493389176316,1.0457971014492753,TOO_EASY,False,
f3_abyss_king,심연왕,BOSS,CONTROLLED_F3,340,F3_ADAPT,"[{""type"": ""CHARGE"", ""telegraphText"": ""파티 습관을 관찰한다"", ""payload"": {}}, {""type"": ""DIRECT_DAMAGE"", ""telegraphText"": ""한 명을 공격한다"", ""payload"": {""target"": ""RANDOM_LIVING"", ""amount"": 1}}, {""type"": ""CHARGE"", ""telegraphText"": ""파티 습관을 관찰한다"", ""payload"": {}}, {""type"": ""AOE_DAMAGE"", ""telegraphText"": ""전원에게 공격한다"", ""payload"": {""amount"": 1}}]",1,{},150,0.14666666666666667,0.8533333333333334,25.66,238.88,16,7.513333333333334,6.235385814497272,2.9280332553910107,0,0,3.96,0.3689269940244219,5.86645882047285,2,2,2,1,2,"{""WipeRate"": 0.92, ""DamagePer10Turns"": 7.319183027106103, ""DownsPer10Turns"": 3.4044118333968334, ""MeanTurns"": 23.119999999999997, ""ClearRate"": 0.08}",-6.666666666666665,0.851923744959641,1.109861591695502,BASE_DAMAGE_PROBLEM,False,
f3_abyss_king,심연왕,BOSS,EXPEDITION_LIKE_F3,340,F3_ADAPT,"[{""type"": ""CHARGE"", ""telegraphText"": ""파티 습관을 관찰한다"", ""payload"": {}}, {""type"": ""DIRECT_DAMAGE"", ""telegraphText"": ""한 명을 공격한다"", ""payload"": {""target"": ""RANDOM_LIVING"", ""amount"": 1}}, {""type"": ""CHARGE"", ""telegraphText"": ""파티 습관을 관찰한다"", ""payload"": {}}, {""type"": ""AOE_DAMAGE"", ""telegraphText"": ""전원에게 공격한다"", ""payload"": {""amount"": 1}}]",1,{},150,0.4,0.6,22.226666666666667,289.76,10.233333333333333,3.953333333333333,4.604079184163167,1.7786442711457708,0,0,1.32,0.16196760647870426,4.4421115776844635,2,2,2,1,2,"{""WipeRate"": 0.7733333333333333, ""DamagePer10Turns"": 5.719446341637534, ""DownsPer10Turns"": 2.3635672510258163, ""MeanTurns"": 20.496666666666666, ""ClearRate"": 0.22666666666666668}",-17.333333333333336,0.8049868657120706,1.0844039681248985,BASE_DAMAGE_PROBLEM,False,
f3_masked_queen,가면의 여왕,BOSS,CONTROLLED_F3,340,F3_MASK,"[{""type"": ""CHARGE"", ""telegraphText"": ""가면 규칙을 펼친다"", ""payload"": {}}, {""type"": ""DIRECT_DAMAGE"", ""telegraphText"": ""한 명을 공격한다"", ""payload"": {""target"": ""RANDOM_LIVING"", ""amount"": 1}}, {""type"": ""CHARGE"", ""telegraphText"": ""가면 규칙을 펼친다"", ""payload"": {}}, {""type"": ""AOE_DAMAGE"", ""telegraphText"": ""전원에게 공격한다"", ""payload"": {""amount"": 1}}]",1,{},150,0.013333333333333334,0.9866666666666667,20.58,188.71333333333334,17.293333333333333,7.986666666666666,8.402980239714934,3.880790411402656,0,0,4,2.659540006478782,5.743440233236152,1,1,1,2,1,"{""WipeRate"": 0.92, ""DamagePer10Turns"": 7.319183027106103, ""DownsPer10Turns"": 3.4044118333968334, ""MeanTurns"": 23.119999999999997, ""ClearRate"": 0.08}",6.666666666666665,1.1480762550403592,0.8901384083044983,BASE_DAMAGE_PROBLEM,False,
f3_masked_queen,가면의 여왕,BOSS,EXPEDITION_LIKE_F3,340,F3_MASK,"[{""type"": ""CHARGE"", ""telegraphText"": ""가면 규칙을 펼친다"", ""payload"": {}}, {""type"": ""DIRECT_DAMAGE"", ""telegraphText"": ""한 명을 공격한다"", ""payload"": {""target"": ""RANDOM_LIVING"", ""amount"": 1}}, {""type"": ""CHARGE"", ""telegraphText"": ""가면 규칙을 펼친다"", ""payload"": {}}, {""type"": ""AOE_DAMAGE"", ""telegraphText"": ""전원에게 공격한다"", ""payload"": {""amount"": 1}}]",1,{},150,0.05333333333333334,0.9466666666666667,18.766666666666666,227.56,12.826666666666666,5.533333333333333,6.834813499111901,2.9484902309058616,0,0,1.64,2.092362344582593,4.7424511545293075,1,1,1,2,1,"{""WipeRate"": 0.7733333333333333, ""DamagePer10Turns"": 5.719446341637534, ""DownsPer10Turns"": 2.3635672510258163, ""MeanTurns"": 20.496666666666666, ""ClearRate"": 0.22666666666666668}",17.333333333333336,1.1950131342879293,0.9155960318751016,BASE_DAMAGE_PROBLEM,False,
f3_greed_mimic,,NORMAL,FULL_500_ACTUAL_EXPOSURE,,,,,,10,1,0,10.3,153.7,2.7,0.7,2.621359223300971,0.6796116504854369,0,0,,,,,,,,,,,,,,,LOW_SAMPLE_WARNING
f3_royal_tax_collector,,NORMAL,FULL_500_ACTUAL_EXPOSURE,,,,,,11,1,0,9.818181818181818,151.45454545454547,0.5454545454545454,0.2727272727272727,0.5555555555555556,0.2777777777777778,0,0,,,,,,,,,,,,,,,LOW_SAMPLE_WARNING
f3_abyss_duelist,,NORMAL,FULL_500_ACTUAL_EXPOSURE,,,,,,8,0.875,0.125,11.875,141.25,5.375,2.5,4.526315789473684,2.1052631578947367,0,0,,,,,,,,,,,,,,,LOW_SAMPLE_WARNING
f3_black_choir,,NORMAL,FULL_500_ACTUAL_EXPOSURE,,,,,,13,0.46153846153846156,0.5384615384615384,10.307692307692308,130.23076923076923,9.538461538461538,4,9.253731343283581,3.8805970149253732,0,0,,,,,,,,,,,,,,,LOW_SAMPLE_WARNING
f3_skillfeed_familiar,,NORMAL,FULL_500_ACTUAL_EXPOSURE,,,,,,11,1,0,10.090909090909092,151.63636363636363,2.272727272727273,0.6363636363636364,2.2522522522522523,0.6306306306306306,0,0,,,,,,,,,,,,,,,LOW_SAMPLE_WARNING
f3_abyss_archivist,,NORMAL,FULL_500_ACTUAL_EXPOSURE,,,,,,13,1,0,10.923076923076923,154.3846153846154,0.6923076923076923,0.07692307692307693,0.6338028169014085,0.07042253521126761,0,0,,,,,,,,,,,,,,,LOW_SAMPLE_WARNING
f3_royal_appraiser,,NORMAL,FULL_500_ACTUAL_EXPOSURE,,,,,,11,1,0,12.272727272727273,153.63636363636363,1.3636363636363635,0.5454545454545454,1.1111111111111112,0.4444444444444444,0,0,,,,,,,,,,,,,,,LOW_SAMPLE_WARNING
f3_execution_golem,,ELITE,FULL_500_ACTUAL_EXPOSURE,,,,,,2,1,0,12.5,254.5,1.5,1.5,1.2,1.2,0,0,,,,,,,,,,,,,,,LOW_SAMPLE_WARNING
f3_abyss_auditor,,ELITE,FULL_500_ACTUAL_EXPOSURE,,,,,,4,0.75,0.25,17.5,240.75,2.5,0.75,1.4285714285714286,0.42857142857142855,0,0,,,,,,,,,,,,,,,LOW_SAMPLE_WARNING
f3_null_choir_priest,,ELITE,FULL_500_ACTUAL_EXPOSURE,,,,,,1,1,0,14,241,0,0,0.0,0.0,0,0,,,,,,,,,,,,,,,LOW_SAMPLE_WARNING
f3_abyss_king,,BOSS,FULL_500_ACTUAL_EXPOSURE,,,,,,10,0.4,0.6,23.2,287.4,9,2.8,3.8793103448275863,1.206896551724138,0,0,,,,,,,,,,,,,,,LOW_SAMPLE_WARNING
f3_masked_queen,,BOSS,FULL_500_ACTUAL_EXPOSURE,,,,,,6,0.6666666666666666,0.3333333333333333,20.666666666666668,311,10.833333333333334,4,5.241935483870968,1.935483870967742,0,0,,,,,,,,,,,,,,,LOW_SAMPLE_WARNING
